,link,dokumen,tokenisasi,filtering,label,unigram,bigram,trigram
0,https://www.suara.com/entertainment/2022/06/20/073000/hindari-diomeli-rafathar-gegara-beli-mobil-mewah-raffi-ahmad-jadikan-nagita-slavina-tameng,"Presenter Raffi Ahmad baru saja membeli mobil mewah Rolls Royce Phantom. Mobil seharga Rp 20 Miliar itu diperolehnya dengan melakukan tukar tambah mobil lamanya, Rolls Royce Ghost kepada Rudy Salim.Menurut Raffi Ahmad pembelian mobil tersebut bisa menjadi investasi. Meski dia berseloroh kalau putranya, Rafathar Malik Ahmad akan mengomelinya.","['presenter', 'raffi', 'ahmad', 'baru', 'saja', 'membeli', 'mobil', 'mewah', 'rolls', 'royce', 'phantom', 'mobil', 'seharga', 'rp', 'miliar', 'itu', 'diperolehnya', 'dengan', 'melakukan', 'tukar', 'tambah', 'mobil', 'lamanya', 'rolls', 'royce', 'ghost', 'kepada', 'rudy', 'salimmenurut', 'raffi', 'ahmad', 'pembelian', 'mobil', 'tersebut', 'bisa', 'menjadi', 'investasi', 'meski', 'dia', 'berseloroh', 'kalau', 'putranya', 'rafathar', 'malik', 'ahmad', 'akan', 'mengomelinya']","['presenter', 'raffi', 'ahmad', 'membeli', 'mobil', 'mewah', 'rolls', 'royce', 'phantom', 'mobil', 'seharga', 'rp', 'miliar', 'diperolehnya', 'tukar', 'mobil', 'rolls', 'royce', 'ghost', 'rudy', 'salimmenurut', 'raffi', 'ahmad', 'pembelian', 'mobil', 'investasi', 'berseloroh', 'putranya', 'rafathar', 'malik', 'ahmad', 'mengomelinya']",entertaiment,"['presenter', 'raffi', 'ahmad', 'membeli', 'mobil', 'mewah', 'rolls', 'royce', 'phantom', 'mobil', 'seharga', 'rp', 'miliar', 'diperolehnya', 'tukar', 'mobil', 'rolls', 'royce', 'ghost', 'rudy', 'salimmenurut', 'raffi', 'ahmad', 'pembelian', 'mobil', 'investasi', 'berseloroh', 'putranya', 'rafathar', 'malik', 'ahmad', 'mengomelinya']","['presenter raffi', 'raffi ahmad', 'ahmad membeli', 'membeli mobil', 'mobil mewah', 'mewah rolls', 'rolls royce', 'royce phantom', 'phantom mobil', 'mobil seharga', 'seharga rp', 'rp miliar', 'miliar diperolehnya', 'diperolehnya tukar', 'tukar mobil', 'mobil rolls', 'rolls royce', 'royce ghost', 'ghost rudy', 'rudy salimmenurut', 'salimmenurut raffi', 'raffi ahmad', 'ahmad pembelian', 'pembelian mobil', 'mobil investasi', 'investasi berseloroh', 'berseloroh putranya', 'putranya rafathar', 'rafathar malik', 'malik ahmad', 'ahmad mengomelinya']","['presenter raffi ahmad', 'raffi ahmad membeli', 'ahmad membeli mobil', 'membeli mobil mewah', 'mobil mewah rolls', 'mewah rolls royce', 'rolls royce phantom', 'royce phantom mobil', 'phantom mobil seharga', 'mobil seharga rp', 'seharga rp miliar', 'rp miliar diperolehnya', 'miliar diperolehnya tukar', 'diperolehnya tukar mobil', 'tukar mobil rolls', 'mobil rolls royce', 'rolls royce ghost', 'royce ghost rudy', 'ghost rudy salimmenurut', 'rudy salimmenurut raffi', 'salimmenurut raffi ahmad', 'raffi ahmad pembelian', 'ahmad pembelian mobil', 'pembelian mobil investasi', 'mobil investasi berseloroh', 'investasi berseloroh putranya', 'berseloroh putranya rafathar', 'putranya rafathar malik', 'rafathar malik ahmad', 'malik ahmad mengomelinya']"
1,https://www.suara.com/entertainment/2022/06/16/135827/ayu-ting-ting-disorot-gegara-kembali-dituding-jiplak-gaya-nagita-slavina,"Pedangdut Ayu Ting Ting memang selalu menjadi sorotan publik. Terkini, pelantun Alamat Palsu itu kembali dikomentari lantaran penampilannya yang dinilai mirip dengan Nagita Slavina.Hal itu berawal ketika saat Ayu Ting Ting mengunggah foto terbarunya di Instagram. Di situ, dia mengenakan dress berwarna abu-abu dengan memakai bando berwarna hitam dikepalanya.","['pedangdut', 'ayu', 'ting', 'ting', 'memang', 'selalu', 'menjadi', 'sorotan', 'publik', 'terkini', 'pelantun', 'alamat', 'palsu', 'itu', 'kembali', 'dikomentari', 'lantaran', 'penampilannya', 'yang', 'dinilai', 'mirip', 'dengan', 'nagita', 'slavinahal', 'itu', 'berawal', 'ketika', 'saat', 'ayu', 'ting', 'ting', 'mengunggah', 'foto', 'terbarunya', 'di', 'instagram', 'di', 'situ', 'dia', 'mengenakan', 'dress', 'berwarna', 'abuabu', 'dengan', 'memakai', 'bando', 'berwarna', 'hitam', 'dikepalanya']","['pedangdut', 'ayu', 'ting', 'ting', 'sorotan', 'publik', 'terkini', 'pelantun', 'alamat', 'palsu', 'dikomentari', 'lantaran', 'penampilannya', 'dinilai', 'nagita', 'slavinahal', 'ayu', 'ting', 'ting', 'mengunggah', 'foto', 'terbarunya', 'instagram', 'situ', 'mengenakan', 'dress', 'berwarna', 'abuabu', 'memakai', 'bando', 'berwarna', 'hitam', 'dikepalanya']",entertaiment,"['pedangdut', 'ayu', 'ting', 'ting', 'sorotan', 'publik', 'terkini', 'pelantun', 'alamat', 'palsu', 'dikomentari', 'lantaran', 'penampilannya', 'dinilai', 'nagita', 'slavinahal', 'ayu', 'ting', 'ting', 'mengunggah', 'foto', 'terbarunya', 'instagram', 'situ', 'mengenakan', 'dress', 'berwarna', 'abuabu', 'memakai', 'bando', 'berwarna', 'hitam', 'dikepalanya']","['pedangdut ayu', 'ayu ting', 'ting ting', 'ting sorotan', 'sorotan publik', 'publik terkini', 'terkini pelantun', 'pelantun alamat', 'alamat palsu', 'palsu dikomentari', 'dikomentari lantaran', 'lantaran penampilannya', 'penampilannya dinilai', 'dinilai nagita', 'nagita slavinahal', 'slavinahal ayu', 'ayu ting', 'ting ting', 'ting mengunggah', 'mengunggah foto', 'foto terbarunya', 'terbarunya instagram', 'instagram situ', 'situ mengenakan', 'mengenakan dress', 'dress berwarna', 'berwarna abuabu', 'abuabu memakai', 'memakai bando', 'bando berwarna', 'berwarna hitam', 'hitam dikepalanya']","['pedangdut ayu ting', 'ayu ting ting', 'ting ting sorotan', 'ting sorotan publik', 'sorotan publik terkini', 'publik terkini pelantun', 'terkini pelantun alamat', 'pelantun alamat palsu', 'alamat palsu dikomentari', 'palsu dikomentari lantaran', 'dikomentari lantaran penampilannya', 'lantaran penampilannya dinilai', 'penampilannya dinilai nagita', 'dinilai nagita slavinahal', 'nagita slavinahal ayu', 'slavinahal ayu ting', 'ayu ting ting', 'ting ting mengunggah', 'ting mengunggah foto', 'mengunggah foto terbarunya', 'foto terbarunya instagram', 'terbarunya instagram situ', 'instagram situ mengenakan', 'situ mengenakan dress', 'mengenakan dress berwarna', 'dress berwarna abuabu', 'berwarna abuabu memakai', 'abuabu memakai bando', 'memakai bando berwarna', 'bando berwarna hitam', 'berwarna hitam dikepalanya']"
2,https://www.suara.com/entertainment/2022/06/15/190409/lucinta-luna-rupanya-insecure-bertemu-nagita-slavina,"Lucinta Luna begitu percaya diri akan kecantikannya saat ini. Belakangan Lucinta pun mulai blak-blakan mengungkap proses menyakitkan untuk menjadi cantik melalui operasi plastik.Namun siapa sangka, Lucinta Luna juga bisa merasa insecure atau tak percaya diri dengan kecantikan yang ia bangga-banggakan itu. Salah satu momen Lucinta merasa insecure ternyata saat berkesempatan untuk bertemu Nagita Slavina.","['lucinta', 'luna', 'begitu', 'percaya', 'diri', 'akan', 'kecantikannya', 'saat', 'ini', 'belakangan', 'lucinta', 'pun', 'mulai', 'blakblakan', 'mengungkap', 'proses', 'menyakitkan', 'untuk', 'menjadi', 'cantik', 'melalui', 'operasi', 'plastiknamun', 'siapa', 'sangka', 'lucinta', 'luna', 'juga', 'bisa', 'merasa', 'insecure', 'atau', 'tak', 'percaya', 'diri', 'dengan', 'kecantikan', 'yang', 'ia', 'banggabanggakan', 'itu', 'salah', 'satu', 'momen', 'lucinta', 'merasa', 'insecure', 'ternyata', 'saat', 'berkesempatan', 'untuk', 'bertemu', 'nagita', 'slavina']","['lucinta', 'luna', 'percaya', 'kecantikannya', 'lucinta', 'blakblakan', 'mengungkap', 'proses', 'menyakitkan', 'cantik', 'operasi', 'plastiknamun', 'sangka', 'lucinta', 'luna', 'insecure', 'percaya', 'kecantikan', 'banggabanggakan', 'salah', 'momen', 'lucinta', 'insecure', 'berkesempatan', 'bertemu', 'nagita', 'slavina']",entertaiment,"['lucinta', 'luna', 'percaya', 'kecantikannya', 'lucinta', 'blakblakan', 'mengungkap', 'proses', 'menyakitkan', 'cantik', 'operasi', 'plastiknamun', 'sangka', 'lucinta', 'luna', 'insecure', 'percaya', 'kecantikan', 'banggabanggakan', 'salah', 'momen', 'lucinta', 'insecure', 'berkesempatan', 'bertemu', 'nagita', 'slavina']","['lucinta luna', 'luna percaya', 'percaya kecantikannya', 'kecantikannya lucinta', 'lucinta blakblakan', 'blakblakan mengungkap', 'mengungkap proses', 'proses menyakitkan', 'menyakitkan cantik', 'cantik operasi', 'operasi plastiknamun', 'plastiknamun sangka', 'sangka lucinta', 'lucinta luna', 'luna insecure', 'insecure percaya', 'percaya kecantikan', 'kecantikan banggabanggakan', 'banggabanggakan salah', 'salah momen', 'momen lucinta', 'lucinta insecure', 'insecure berkesempatan', 'berkesempatan bertemu', 'bertemu nagita', 'nagita slavina']","['lucinta luna percaya', 'luna percaya kecantikannya', 'percaya kecantikannya lucinta', 'kecantikannya lucinta blakblakan', 'lucinta blakblakan mengungkap', 'blakblakan mengungkap proses', 'mengungkap proses menyakitkan', 'proses menyakitkan cantik', 'menyakitkan cantik operasi', 'cantik operasi plastiknamun', 'operasi plastiknamun sangka', 'plastiknamun sangka lucinta', 'sangka lucinta luna', 'lucinta luna insecure', 'luna insecure percaya', 'insecure percaya kecantikan', 'percaya kecantikan banggabanggakan', 'kecantikan banggabanggakan salah', 'banggabanggakan salah momen', 'salah momen lucinta', 'momen lucinta insecure', 'lucinta insecure berkesempatan', 'insecure berkesempatan bertemu', 'berkesempatan bertemu nagita', 'bertemu nagita slavina']"
3,https://www.suara.com/entertainment/2022/06/13/141135/tampil-memukai-jadi-gadis-ring-lucinta-luna-ngaku-sebagai-calon-istri-atlet-singapura-ini,"Lucinta Luna kembali menyita perhatian dengan penampilan cantiknya di ring tinju. Bukan sebagai pemain, Lucinta Luna tampil sebagai gadis ring yang membawa papan ronde permainan.Penampilan centilnya ini pun ia pamerkan lewat unggahan Instagram-nya. Bukan saja percaya diri dengan kecantikan yang kerap banjir pujian, Lucinta Luna juga mengaku tampil cantik sebagai calon istri atlet Loh Kean Yew.Sosok Loh Kean Yew belakangan memang tengah mencuri atensi setelah tampil di ajang Indonesia Masters 2022. Ia adalah pemain asal Singapura yang digandrungi karena wajah tampannya.","['lucinta', 'luna', 'kembali', 'menyita', 'perhatian', 'dengan', 'penampilan', 'cantiknya', 'di', 'ring', 'tinju', 'bukan', 'sebagai', 'pemain', 'lucinta', 'luna', 'tampil', 'sebagai', 'gadis', 'ring', 'yang', 'membawa', 'papan', 'ronde', 'permainanpenampilan', 'centilnya', 'ini', 'pun', 'ia', 'pamerkan', 'lewat', 'unggahan', 'instagramnya', 'bukan', 'saja', 'percaya', 'diri', 'dengan', 'kecantikan', 'yang', 'kerap', 'banjir', 'pujian', 'lucinta', 'luna', 'juga', 'mengaku', 'tampil', 'cantik', 'sebagai', 'calon', 'istri', 'atlet', 'loh', 'kean', 'yewsosok', 'loh', 'kean', 'yew', 'belakangan', 'memang', 'tengah', 'mencuri', 'atensi', 'setelah', 'tampil', 'di', 'ajang', 'indonesia', 'masters', 'ia', 'adalah', 'pemain', 'asal', 'singapura', 'yang', 'digandrungi', 'karena', 'wajah', 'tampannya']","['lucinta', 'luna', 'menyita', 'perhatian', 'penampilan', 'cantiknya', 'ring', 'tinju', 'pemain', 'lucinta', 'luna', 'tampil', 'gadis', 'ring', 'membawa', 'papan', 'ronde', 'permainanpenampilan', 'centilnya', 'pamerkan', 'unggahan', 'instagramnya', 'percaya', 'kecantikan', 'kerap', 'banjir', 'pujian', 'lucinta', 'luna', 'mengaku', 'tampil', 'cantik', 'calon', 'istri', 'atlet', 'loh', 'kean', 'yewsosok', 'loh', 'kean', 'yew', 'tengah', 'mencuri', 'atensi', 'tampil', 'ajang', 'indonesia', 'masters', 'pemain', 'singapura', 'digandrungi', 'wajah', 'tampannya']",entertaiment,"['lucinta', 'luna', 'menyita', 'perhatian', 'penampilan', 'cantiknya', 'ring', 'tinju', 'pemain', 'lucinta', 'luna', 'tampil', 'gadis', 'ring', 'membawa', 'papan', 'ronde', 'permainanpenampilan', 'centilnya', 'pamerkan', 'unggahan', 'instagramnya', 'percaya', 'kecantikan', 'kerap', 'banjir', 'pujian', 'lucinta', 'luna', 'mengaku', 'tampil', 'cantik', 'calon', 'istri', 'atlet', 'loh', 'kean', 'yewsosok', 'loh', 'kean', 'yew', 'tengah', 'mencuri', 'atensi', 'tampil', 'ajang', 'indonesia', 'masters', 'pemain', 'singapura', 'digandrungi', 'wajah', 'tampannya']","['lucinta luna', 'luna menyita', 'menyita perhatian', 'perhatian penampilan', 'penampilan cantiknya', 'cantiknya ring', 'ring tinju', 'tinju pemain', 'pemain lucinta', 'lucinta luna', 'luna tampil', 'tampil gadis', 'gadis ring', 'ring membawa', 'membawa papan', 'papan ronde', 'ronde permainanpenampilan', 'permainanpenampilan centilnya', 'centilnya pamerkan', 'pamerkan unggahan', 'unggahan instagramnya', 'instagramnya percaya', 'percaya kecantikan', 'kecantikan kerap', 'kerap banjir', 'banjir pujian', 'pujian lucinta', 'lucinta luna', 'luna mengaku', 'mengaku tampil', 'tampil cantik', 'cantik calon', 'calon istri', 'istri atlet', 'atlet loh', 'loh kean', 'kean yewsosok', 'yewsosok loh', 'loh kean', 'kean yew', 'yew tengah', 'tengah mencuri', 'mencuri atensi', 'atensi tampil', 'tampil ajang', 'ajang indonesia', 'indonesia masters', 'masters pemain', 'pemain singapura', 'singapura digandrungi', 'digandrungi wajah', 'wajah tampannya']","['lucinta luna menyita', 'luna menyita perhatian', 'menyita perhatian penampilan', 'perhatian penampilan cantiknya', 'penampilan cantiknya ring', 'cantiknya ring tinju', 'ring tinju pemain', 'tinju pemain lucinta', 'pemain lucinta luna', 'lucinta luna tampil', 'luna tampil gadis', 'tampil gadis ring', 'gadis ring membawa', 'ring membawa papan', 'membawa papan ronde', 'papan ronde permainanpenampilan', 'ronde permainanpenampilan centilnya', 'permainanpenampilan centilnya pamerkan', 'centilnya pamerkan unggahan', 'pamerkan unggahan instagramnya', 'unggahan instagramnya percaya', 'instagramnya percaya kecantikan', 'percaya kecantikan kerap', 'kecantikan kerap banjir', 'kerap banjir pujian', 'banjir pujian lucinta', 'pujian lucinta luna', 'lucinta luna mengaku', 'luna mengaku tampil', 'mengaku tampil cantik', 'tampil cantik calon', 'cantik calon istri', 'calon istri atlet', 'istri atlet loh', 'atlet loh kean', 'loh kean yewsosok', 'kean yewsosok loh', 'yewsosok loh kean', 'loh kean yew', 'kean yew tengah', 'yew tengah mencuri', 'tengah mencuri atensi', 'mencuri atensi tampil', 'atensi tampil ajang', 'tampil ajang indonesia', 'ajang indonesia masters', 'indonesia masters pemain', 'masters pemain singapura', 'pemain singapura digandrungi', 'singapura digandrungi wajah', 'digandrungi wajah tampannya']"
4,https://www.suara.com/entertainment/2022/06/12/020000/5-potret-loh-kean-yew-pemain-badminton-singapura-yang-memiliki-wajah-tampan," Atlet badminton, Loh Kean Yew saat ini tengah menjadi perbincangan di kalangan penggemar bulu tangkis. Selain jago dia juga memiliki para yang tampan.Pemain badminton asal Singapura tersebut baru-baru ini bertanding di Indonesia Masters 2022 dan mendapat dukungan dari penonton yang memadati Istora Gelora Bung Karno.Setiap kali bergerak, Loh Kean Yew langsung disambut dengan teriakan ""ea, ea, ea"" dari penonton. Hal ini tentu saja membuat pemain berusia 24 tahun itu senang.Loh Kean Yew berhasil menjuarai nomor tunggal putra BWF World Championships 2021.","['atlet', 'badminton', 'loh', 'kean', 'yew', 'saat', 'ini', 'tengah', 'menjadi', 'perbincangan', 'di', 'kalangan', 'penggemar', 'bulu', 'tangkis', 'selain', 'jago', 'dia', 'juga', 'memiliki', 'para', 'yang', 'tampanpemain', 'badminton', 'asal', 'singapura', 'tersebut', 'barubaru', 'ini', 'bertanding', 'di', 'indonesia', 'masters', 'dan', 'mendapat', 'dukungan', 'dari', 'penonton', 'yang', 'memadati', 'istora', 'gelora', 'bung', 'karnosetiap', 'kali', 'bergerak', 'loh', 'kean', 'yew', 'langsung', 'disambut', 'dengan', 'teriakan', 'ea', 'ea', 'ea', 'dari', 'penonton', 'hal', 'ini', 'tentu', 'saja', 'membuat', 'pemain', 'berusia', 'tahun', 'itu', 'senangloh', 'kean', 'yew', 'berhasil', 'menjuarai', 'nomor', 'tunggal', 'putra', 'bwf', 'world', 'championships']","['atlet', 'badminton', 'loh', 'kean', 'yew', 'tengah', 'perbincangan', 'kalangan', 'penggemar', 'bulu', 'tangkis', 'jago', 'memiliki', 'tampanpemain', 'badminton', 'singapura', 'barubaru', 'bertanding', 'indonesia', 'masters', 'dukungan', 'penonton', 'memadati', 'istora', 'gelora', 'karnosetiap', 'bergerak', 'loh', 'kean', 'yew', 'disambut', 'teriakan', 'ea', 'ea', 'ea', 'penonton', 'pemain', 'berusia', 'tahun', 'senangloh', 'kean', 'yew', 'berhasil', 'menjuarai', 'nomor', 'tunggal', 'putra', 'bwf', 'world', 'championships']",entertaiment,"['atlet', 'badminton', 'loh', 'kean', 'yew', 'tengah', 'perbincangan', 'kalangan', 'penggemar', 'bulu', 'tangkis', 'jago', 'memiliki', 'tampanpemain', 'badminton', 'singapura', 'barubaru', 'bertanding', 'indonesia', 'masters', 'dukungan', 'penonton', 'memadati', 'istora', 'gelora', 'karnosetiap', 'bergerak', 'loh', 'kean', 'yew', 'disambut', 'teriakan', 'ea', 'ea', 'ea', 'penonton', 'pemain', 'berusia', 'tahun', 'senangloh', 'kean', 'yew', 'berhasil', 'menjuarai', 'nomor', 'tunggal', 'putra', 'bwf', 'world', 'championships']","['atlet badminton', 'badminton loh', 'loh kean', 'kean yew', 'yew tengah', 'tengah perbincangan', 'perbincangan kalangan', 'kalangan penggemar', 'penggemar bulu', 'bulu tangkis', 'tangkis jago', 'jago memiliki', 'memiliki tampanpemain', 'tampanpemain badminton', 'badminton singapura', 'singapura barubaru', 'barubaru bertanding', 'bertanding indonesia', 'indonesia masters', 'masters dukungan', 'dukungan penonton', 'penonton memadati', 'memadati istora', 'istora gelora', 'gelora karnosetiap', 'karnosetiap bergerak', 'bergerak loh', 'loh kean', 'kean yew', 'yew disambut', 'disambut teriakan', 'teriakan ea', 'ea ea', 'ea ea', 'ea penonton', 'penonton pemain', 'pemain berusia', 'berusia tahun', 'tahun senangloh', 'senangloh kean', 'kean yew', 'yew berhasil', 'berhasil menjuarai', 'menjuarai nomor', 'nomor tunggal', 'tunggal putra', 'putra bwf', 'bwf world', 'world championships']","['atlet badminton loh', 'badminton loh kean', 'loh kean yew', 'kean yew tengah', 'yew tengah perbincangan', 'tengah perbincangan kalangan', 'perbincangan kalangan penggemar', 'kalangan penggemar bulu', 'penggemar bulu tangkis', 'bulu tangkis jago', 'tangkis jago memiliki', 'jago memiliki tampanpemain', 'memiliki tampanpemain badminton', 'tampanpemain badminton singapura', 'badminton singapura barubaru', 'singapura barubaru bertanding', 'barubaru bertanding indonesia', 'bertanding indonesia masters', 'indonesia masters dukungan', 'masters dukungan penonton', 'dukungan penonton memadati', 'penonton memadati istora', 'memadati istora gelora', 'istora gelora karnosetiap', 'gelora karnosetiap bergerak', 'karnosetiap bergerak loh', 'bergerak loh kean', 'loh kean yew', 'kean yew disambut', 'yew disambut teriakan', 'disambut teriakan ea', 'teriakan ea ea', 'ea ea ea', 'ea ea penonton', 'ea penonton pemain', 'penonton pemain berusia', 'pemain berusia tahun', 'berusia tahun senangloh', 'tahun senangloh kean', 'senangloh kean yew', 'kean yew berhasil', 'yew berhasil menjuarai', 'berhasil menjuarai nomor', 'menjuarai nomor tunggal', 'nomor tunggal putra', 'tunggal putra bwf', 'putra bwf world', 'bwf world championships']"
5,https://www.suara.com/entertainment/2022/06/20/080000/terus-dituding-jadi-pelakor-cita-citata-waktu-akan-menjawab,Artis sekaligus pedangdut Cita Citata kembali menjadi sorotan setelah membagikan kebersamaan dengan Didi Mahardika.Cita Citata lantas dituding sebagai perebut laki orang alias pelakor karena Didi Mahardika kabarnya masih menikah dengan wanita bernama Rosmanizar.,"['artis', 'sekaligus', 'pedangdut', 'cita', 'citata', 'kembali', 'menjadi', 'sorotan', 'setelah', 'membagikan', 'kebersamaan', 'dengan', 'didi', 'mahardikacita', 'citata', 'lantas', 'dituding', 'sebagai', 'perebut', 'laki', 'orang', 'alias', 'pelakor', 'karena', 'didi', 'mahardika', 'kabarnya', 'masih', 'menikah', 'dengan', 'wanita', 'bernama', 'rosmanizar']","['artis', 'pedangdut', 'cita', 'citata', 'sorotan', 'membagikan', 'kebersamaan', 'didi', 'mahardikacita', 'citata', 'lantas', 'dituding', 'perebut', 'laki', 'alias', 'pelakor', 'didi', 'mahardika', 'kabarnya', 'menikah', 'wanita', 'bernama', 'rosmanizar']",entertaiment,"['artis', 'pedangdut', 'cita', 'citata', 'sorotan', 'membagikan', 'kebersamaan', 'didi', 'mahardikacita', 'citata', 'lantas', 'dituding', 'perebut', 'laki', 'alias', 'pelakor', 'didi', 'mahardika', 'kabarnya', 'menikah', 'wanita', 'bernama', 'rosmanizar']","['artis pedangdut', 'pedangdut cita', 'cita citata', 'citata sorotan', 'sorotan membagikan', 'membagikan kebersamaan', 'kebersamaan didi', 'didi mahardikacita', 'mahardikacita citata', 'citata lantas', 'lantas dituding', 'dituding perebut', 'perebut laki', 'laki alias', 'alias pelakor', 'pelakor didi', 'didi mahardika', 'mahardika kabarnya', 'kabarnya menikah', 'menikah wanita', 'wanita bernama', 'bernama rosmanizar']","['artis pedangdut cita', 'pedangdut cita citata', 'cita citata sorotan', 'citata sorotan membagikan', 'sorotan membagikan kebersamaan', 'membagikan kebersamaan didi', 'kebersamaan didi mahardikacita', 'didi mahardikacita citata', 'mahardikacita citata lantas', 'citata lantas dituding', 'lantas dituding perebut', 'dituding perebut laki', 'perebut laki alias', 'laki alias pelakor', 'alias pelakor didi', 'pelakor didi mahardika', 'didi mahardika kabarnya', 'mahardika kabarnya menikah', 'kabarnya menikah wanita', 'menikah wanita bernama', 'wanita bernama rosmanizar']"
6,https://www.suara.com/entertainment/2022/06/17/175700/digosipkan-pacari-didi-mahardika-yang-beristri-cita-citata-ngaku-pelakor,Cita Citata tengah ramai digosipkan berkencan dengan Didi Mahardika atau Didi Soekarno. Warganet menuding sang pedangdut sebagai pelakor (perebut laki orang) karena Didi dikabarkan telah menikah dengan Rosmanizar pada 2021.Gosip Cita Citata kencan bareng Didi Mahardika berawal dari unggahan video boomerang dirinya tengah dirangkul seorang pria yang wajahnya tidak diperlihatkan.,"['cita', 'citata', 'tengah', 'ramai', 'digosipkan', 'berkencan', 'dengan', 'didi', 'mahardika', 'atau', 'didi', 'soekarno', 'warganet', 'menuding', 'sang', 'pedangdut', 'sebagai', 'pelakor', 'perebut', 'laki', 'orang', 'karena', 'didi', 'dikabarkan', 'telah', 'menikah', 'dengan', 'rosmanizar', 'pada', 'gosip', 'cita', 'citata', 'kencan', 'bareng', 'didi', 'mahardika', 'berawal', 'dari', 'unggahan', 'video', 'boomerang', 'dirinya', 'tengah', 'dirangkul', 'seorang', 'pria', 'yang', 'wajahnya', 'tidak', 'diperlihatkan']","['cita', 'citata', 'tengah', 'ramai', 'digosipkan', 'berkencan', 'didi', 'mahardika', 'didi', 'soekarno', 'warganet', 'menuding', 'sang', 'pedangdut', 'pelakor', 'perebut', 'laki', 'didi', 'dikabarkan', 'menikah', 'rosmanizar', 'gosip', 'cita', 'citata', 'kencan', 'bareng', 'didi', 'mahardika', 'unggahan', 'video', 'boomerang', 'tengah', 'dirangkul', 'pria', 'wajahnya']",entertaiment,"['cita', 'citata', 'tengah', 'ramai', 'digosipkan', 'berkencan', 'didi', 'mahardika', 'didi', 'soekarno', 'warganet', 'menuding', 'sang', 'pedangdut', 'pelakor', 'perebut', 'laki', 'didi', 'dikabarkan', 'menikah', 'rosmanizar', 'gosip', 'cita', 'citata', 'kencan', 'bareng', 'didi', 'mahardika', 'unggahan', 'video', 'boomerang', 'tengah', 'dirangkul', 'pria', 'wajahnya']","['cita citata', 'citata tengah', 'tengah ramai', 'ramai digosipkan', 'digosipkan berkencan', 'berkencan didi', 'didi mahardika', 'mahardika didi', 'didi soekarno', 'soekarno warganet', 'warganet menuding', 'menuding sang', 'sang pedangdut', 'pedangdut pelakor', 'pelakor perebut', 'perebut laki', 'laki didi', 'didi dikabarkan', 'dikabarkan menikah', 'menikah rosmanizar', 'rosmanizar gosip', 'gosip cita', 'cita citata', 'citata kencan', 'kencan bareng', 'bareng didi', 'didi mahardika', 'mahardika unggahan', 'unggahan video', 'video boomerang', 'boomerang tengah', 'tengah dirangkul', 'dirangkul pria', 'pria wajahnya']","['cita citata tengah', 'citata tengah ramai', 'tengah ramai digosipkan', 'ramai digosipkan berkencan', 'digosipkan berkencan didi', 'berkencan didi mahardika', 'didi mahardika didi', 'mahardika didi soekarno', 'didi soekarno warganet', 'soekarno warganet menuding', 'warganet menuding sang', 'menuding sang pedangdut', 'sang pedangdut pelakor', 'pedangdut pelakor perebut', 'pelakor perebut laki', 'perebut laki didi', 'laki didi dikabarkan', 'didi dikabarkan menikah', 'dikabarkan menikah rosmanizar', 'menikah rosmanizar gosip', 'rosmanizar gosip cita', 'gosip cita citata', 'cita citata kencan', 'citata kencan bareng', 'kencan bareng didi', 'bareng didi mahardika', 'didi mahardika unggahan', 'mahardika unggahan video', 'unggahan video boomerang', 'video boomerang tengah', 'boomerang tengah dirangkul', 'tengah dirangkul pria', 'dirangkul pria wajahnya']"
7,https://www.suara.com/entertainment/2022/06/19/021500/rumah-nikita-mirzani-dikepung-pagi-pagi-buta-iko-uwais-dituduh-aniaya-desainer-interior,"Nikita Mirzani kembali menjadi pemberitaan di media massa Tanah Air. Gara-garanya, rumah Nikita yang terletak di kawasan Pesanggrahan, Jakarta Selatan dikepung polisi dari Polresta Serang Kota, pada Rabu (15/6/2022) sekitar pukul 03.00 WIB.Nikita Mirzani yang tengah istirahat, terkejut dengan kehadiran delapan orang yang memaksa masuk ke rumahnya. Polisi sempat memaksa masuk ke rumah Nikita, namun tak ditolak perempuan 36 tahun tersebut. Polisi bahkan sempat mendorong pintu pagar rumah Nikita.Nikita Mirzani kemudian menemui polisi, namun ia menolak untuk dibawa ke Polresta Serang Kota. Nikita merasa aneh dengan tindakan polisi yang mengepung rumahnya pukul tiga dini hari. Pasalnya, dalam kasus ini Nikita dilaporkan tuduhan pencemaran nama baik melalui ITE. Ia pun meminta polisi untuk meninggalkan rumahnya.","['nikita', 'mirzani', 'kembali', 'menjadi', 'pemberitaan', 'di', 'media', 'massa', 'tanah', 'air', 'garagaranya', 'rumah', 'nikita', 'yang', 'terletak', 'di', 'kawasan', 'pesanggrahan', 'jakarta', 'selatan', 'dikepung', 'polisi', 'dari', 'polresta', 'serang', 'kota', 'pada', 'rabu', 'sekitar', 'pukul', 'wibnikita', 'mirzani', 'yang', 'tengah', 'istirahat', 'terkejut', 'dengan', 'kehadiran', 'delapan', 'orang', 'yang', 'memaksa', 'masuk', 'ke', 'rumahnya', 'polisi', 'sempat', 'memaksa', 'masuk', 'ke', 'rumah', 'nikita', 'namun', 'tak', 'ditolak', 'perempuan', 'tahun', 'tersebut', 'polisi', 'bahkan', 'sempat', 'mendorong', 'pintu', 'pagar', 'rumah', 'nikita','nikita', 'mirzani', 'kemudian', 'menemui', 'polisi', 'namun', 'ia', 'menolak', 'untuk', 'dibawa', 'ke', 'polresta', 'serang', 'kota', 'nikita', 'merasa', 'aneh', 'dengan', 'tindakan', 'polisi', 'yang', 'mengepung', 'rumahnya', 'pukul', 'tiga', 'dini', 'hari', 'pasalnya', 'dalam', 'kasus', 'ini', 'nikita', 'dilaporkan', 'tuduhan', 'pencemaran', 'nama', 'baik', 'melalui', 'ite', 'ia', 'pun', 'meminta', 'polisi', 'untuk', 'meninggalkan', 'rumahnya']","['nikita', 'mirzani', 'pemberitaan', 'media', 'massa', 'tanah', 'air', 'garagaranya', 'rumah', 'nikita', 'terletak', 'kawasan', 'pesanggrahan', 'jakarta', 'selatan', 'dikepung', 'polisi', 'polresta', 'serang', 'kota', 'rabu', 'wibnikita', 'mirzani', 'tengah', 'istirahat', 'terkejut', 'kehadiran', 'delapan', 'memaksa', 'rumahnya', 'polisi', 'memaksa', 'rumah', 'nikita', 'ditolak', 'perempuan', 'tahun', 'polisi', 'mendorong', 'pintu', 'pagar', 'rumah', 'nikita', 'nikita', 'mirzani', 'menemui', 'polisi', 'menolak', 'dibawa', 'polresta', 'serang', 'kota', 'nikita', 'aneh', 'tindakan', 'polisi', 'mengepung', 'rumahnya', 'pasalnya', 'nikita', 'dilaporkan', 'tuduhan', 'pencemaran', 'nama', 'ite', 'polisi', 'meninggalkan', 'rumahnya']",entertaiment,"['nikita', 'mirzani', 'pemberitaan', 'media', 'massa', 'tanah', 'air', 'garagaranya', 'rumah', 'nikita', 'terletak', 'kawasan', 'pesanggrahan', 'jakarta', 'selatan', 'dikepung', 'polisi', 'polresta', 'serang', 'kota', 'rabu', 'wibnikita', 'mirzani', 'tengah', 'istirahat', 'terkejut', 'kehadiran', 'delapan', 'memaksa', 'rumahnya', 'polisi', 'memaksa', 'rumah', 'nikita', 'ditolak', 'perempuan', 'tahun', 'polisi', 'mendorong', 'pintu', 'pagar', 'rumah', 'nikita', 'nikita', 'mirzani', 'menemui', 'polisi', 'menolak', 'dibawa', 'polresta', 'serang', 'kota', 'nikita', 'aneh', 'tindakan', 'polisi', 'mengepung', 'rumahnya', 'pasalnya', 'nikita', 'dilaporkan', 'tuduhan', 'pencemaran', 'nama', 'ite', 'polisi', 'meninggalkan', 'rumahnya']","['nikita mirzani', 'mirzani pemberitaan', 'pemberitaan media', 'media massa', 'massa tanah', 'tanah air', 'air garagaranya', 'garagaranya rumah', 'rumah nikita', 'nikita terletak', 'terletak kawasan', 'kawasan pesanggrahan', 'pesanggrahan jakarta', 'jakarta selatan', 'selatan dikepung', 'dikepung polisi', 'polisi polresta', 'polresta serang', 'serang kota', 'kota rabu', 'rabu wibnikita', 'wibnikita mirzani', 'mirzani tengah', 'tengah istirahat', 'istirahat terkejut', 'terkejut kehadiran', 'kehadiran delapan', 'delapan memaksa', 'memaksa rumahnya', 'rumahnya polisi', 'polisi memaksa', 'memaksa rumah', 'rumah nikita', 'nikita ditolak', 'ditolak perempuan', 'perempuan tahun', 'tahun polisi', 'polisi mendorong', 'mendorong pintu', 'pintu pagar', 'pagar rumah', 'rumah nikita', 'nikita nikita', 'nikita mirzani', 'mirzani menemui', 'menemui polisi', 'polisi menolak', 'menolak dibawa', 'dibawa polresta', 'polresta serang', 'serang kota', 'kota nikita', 'nikita aneh', 'aneh tindakan', 'tindakan polisi', 'polisi mengepung', 'mengepung rumahnya', 'rumahnya pasalnya', 'pasalnya nikita', 'nikita dilaporkan', 'dilaporkan tuduhan', 'tuduhan pencemaran', 'pencemaran nama', 'nama ite', 'ite polisi', 'polisi meninggalkan', 'meninggalkan rumahnya']","['nikita mirzani pemberitaan', 'mirzani pemberitaan media', 'pemberitaan media massa', 'media massa tanah', 'massa tanah air', 'tanah air garagaranya', 'air garagaranya rumah', 'garagaranya rumah nikita', 'rumah nikita terletak', 'nikita terletak kawasan', 'terletak kawasan pesanggrahan', 'kawasan pesanggrahan jakarta', 'pesanggrahan jakarta selatan', 'jakarta selatan dikepung', 'selatan dikepung polisi', 'dikepung polisi polresta', 'polisi polresta serang', 'polresta serang kota', 'serang kota rabu', 'kota rabu wibnikita', 'rabu wibnikita mirzani', 'wibnikita mirzani tengah', 'mirzani tengah istirahat', 'tengah istirahat terkejut', 'istirahat terkejut kehadiran', 'terkejut kehadiran delapan', 'kehadiran delapan memaksa', 'delapan memaksa rumahnya', 'memaksa rumahnya polisi', 'rumahnya polisi memaksa', 'polisi memaksa rumah', 'memaksa rumah nikita', 'rumah nikita ditolak', 'nikita ditolak perempuan', 'ditolak perempuan tahun', 'perempuan tahun polisi', 'tahun polisi mendorong', 'polisi mendorong pintu', 'mendorong pintu pagar', 'pintu pagar rumah', 'pagar rumah nikita', 'rumah nikita nikita', 'nikita nikita mirzani', 'nikita mirzani menemui', 'mirzani menemui polisi', 'menemui polisi menolak', 'polisi menolak dibawa', 'menolak dibawa polresta', 'dibawa polresta serang', 'polresta serang kota', 'serang kota nikita', 'kota nikita aneh', 'nikita aneh tindakan', 'aneh tindakan polisi', 'tindakan polisi mengepung', 'polisi mengepung rumahnya', 'mengepung rumahnya pasalnya', 'rumahnya pasalnya nikita', 'pasalnya nikita dilaporkan', 'nikita dilaporkan tuduhan', 'dilaporkan tuduhan pencemaran', 'tuduhan pencemaran nama', 'pencemaran nama ite', 'nama ite polisi', 'ite polisi meninggalkan', 'polisi meninggalkan rumahnya']"
8,https://www.suara.com/entertainment/2022/06/18/204325/bintangi-film-my-sassy-girl-jefri-nichol-jadi-korban-tamparan-tiara-andini,"Ada cerita menarik antara Tiara Andini dan Jefri Nichol saat syuting film My Sassy Girl. Di film ini, Tiara harus menampar sungguhan seorang Nichol.""Awalnya aku malu-malu sih. Maksudnya, ya enggak enak lah. Pertama kali aku tampar cowok di film, ya di real life juga enggak pernah sih,"" ujar Tiara Andini, dalam Konfrensi Pers film My Sassy Girls di CGV Grand Indonesia, Jakarta Pusat, Jumat (17/6/2022) malam.","['ada', 'cerita', 'menarik', 'antara', 'tiara', 'andini', 'dan', 'jefri', 'nichol', 'saat', 'syuting', 'film', 'my', 'sassy', 'girl', 'di', 'film', 'ini', 'tiara', 'harus', 'menampar', 'sungguhan', 'seorang', 'nichol','awalnya', 'aku', 'malumalu', 'sih', 'maksudnya', 'ya', 'enggak', 'enak', 'lah', 'pertama', 'kali', 'aku', 'tampar', 'cowok', 'di', 'film', 'ya', 'di', 'real', 'life', 'juga', 'enggak', 'pernah', 'sih', 'ujar', 'tiara', 'andini', 'dalam', 'konfrensi', 'pers', 'film', 'my', 'sassy', 'girls', 'di', 'cgv', 'grand', 'indonesia', 'jakarta', 'pusat', 'jumat', 'malam']","['cerita', 'menarik', 'tiara', 'andini', 'jefri', 'nichol', 'syuting', 'film', 'my', 'sassy', 'girl', 'film', 'tiara', 'menampar', 'sungguhan', 'nichol', 'malumalu', 'sih', 'maksudnya', 'tampar', 'cowok', 'film', 'real', 'life', 'sih', 'tiara', 'andini', 'konfrensi', 'pers', 'film', 'my', 'sassy', 'girls', 'cgv', 'grand', 'indonesia', 'jakarta', 'pusat', 'jumat', 'malam']",entertaiment,"['cerita', 'menarik', 'tiara', 'andini', 'jefri', 'nichol', 'syuting', 'film', 'my', 'sassy', 'girl', 'film', 'tiara', 'menampar', 'sungguhan', 'nichol', 'malumalu', 'sih', 'maksudnya', 'tampar', 'cowok', 'film', 'real', 'life', 'sih', 'tiara', 'andini', 'konfrensi', 'pers', 'film', 'my', 'sassy', 'girls', 'cgv', 'grand', 'indonesia', 'jakarta', 'pusat', 'jumat', 'malam']","['cerita menarik', 'menarik tiara', 'tiara andini', 'andini jefri', 'jefri nichol', 'nichol syuting', 'syuting film', 'film my', 'my sassy', 'sassy girl', 'girl film', 'film tiara', 'tiara menampar', 'menampar sungguhan', 'sungguhan nichol', 'nichol malumalu', 'malumalu sih', 'sih maksudnya', 'maksudnya tampar', 'tampar cowok', 'cowok film', 'film real', 'real life', 'life sih', 'sih tiara', 'tiara andini', 'andini konfrensi', 'konfrensi pers', 'pers film', 'film my', 'my sassy', 'sassy girls', 'girls cgv', 'cgv grand', 'grand indonesia', 'indonesia jakarta', 'jakarta pusat', 'pusat jumat', 'jumat malam']","['cerita menarik tiara', 'menarik tiara andini', 'tiara andini jefri', 'andini jefri nichol', 'jefri nichol syuting', 'nichol syuting film', 'syuting film my', 'film my sassy', 'my sassy girl', 'sassy girl film', 'girl film tiara', 'film tiara menampar', 'tiara menampar sungguhan', 'menampar sungguhan nichol', 'sungguhan nichol malumalu', 'nichol malumalu sih', 'malumalu sih maksudnya', 'sih maksudnya tampar', 'maksudnya tampar cowok', 'tampar cowok film', 'cowok film real', 'film real life', 'real life sih', 'life sih tiara', 'sih tiara andini', 'tiara andini konfrensi', 'andini konfrensi pers', 'konfrensi pers film', 'pers film my', 'film my sassy', 'my sassy girls', 'sassy girls cgv', 'girls cgv grand', 'cgv grand indonesia', 'grand indonesia jakarta', 'indonesia jakarta pusat', 'jakarta pusat jumat', 'pusat jumat malam']"
9,https://www.suara.com/entertainment/2022/06/14/200826/ramai-digosipkan-pacaran-jefri-nichol-ungkap-alasan-temui-amanda-manopo-di-lokasi-syuting,"Jefri Nichol sebelumnya digosipkan menjalin hubungan asmara dengan Amanda Manopo. Saat mempromosikan film My Sassy Girl dengan Tiara Andini, Nichol kembali ditanya perihal gosip tersebut.""Yes or no, Jefri Nichol mantap dengan Amanda Manopo?"" tanya Luna Maya dalam kanal YouTube miliknya yang tayang  Selasa (14/6/2022).","['jefri', 'nichol', 'sebelumnya', 'digosipkan', 'menjalin', 'hubungan', 'asmara', 'dengan', 'amanda', 'manopo', 'saat', 'mempromosikan', 'film', 'my', 'sassy', 'girl', 'dengan', 'tiara', 'andini', 'nichol', 'kembali', 'ditanya', 'perihal', 'gosip', 'tersebutyes', 'or', 'no', 'jefri', 'nichol', 'mantap', 'dengan', 'amanda', 'manopo', 'tanya', 'luna', 'maya', 'dalam', 'kanal', 'youtube', 'miliknya', 'yang', 'tayang', 'selasa']","['jefri', 'nichol', 'digosipkan', 'menjalin', 'hubungan', 'asmara', 'amanda', 'manopo', 'mempromosikan', 'film', 'my', 'sassy', 'girl', 'tiara', 'andini', 'nichol', 'perihal', 'gosip', 'yes', 'or', 'no', 'jefri', 'nichol', 'mantap', 'amanda', 'manopo', 'luna', 'maya', 'kanal', 'youtube', 'miliknya', 'tayang', 'selasa']",entertaiment,"['jefri', 'nichol', 'digosipkan', 'menjalin', 'hubungan', 'asmara', 'amanda', 'manopo', 'mempromosikan', 'film', 'my', 'sassy', 'girl', 'tiara', 'andini', 'nichol', 'perihal', 'gosip', 'yes', 'or', 'no', 'jefri', 'nichol', 'mantap', 'amanda', 'manopo', 'luna', 'maya', 'kanal', 'youtube', 'miliknya', 'tayang', 'selasa']","['jefri nichol', 'nichol digosipkan', 'digosipkan menjalin', 'menjalin hubungan', 'hubungan asmara', 'asmara amanda', 'amanda manopo', 'manopo mempromosikan', 'mempromosikan film', 'film my', 'my sassy', 'sassy girl', 'girl tiara', 'tiara andini', 'andini nichol', 'nichol perihal', 'perihal gosip', 'gosip yes', 'yes or', 'or no', 'no jefri', 'jefri nichol', 'nichol mantap', 'mantap amanda', 'amanda manopo', 'manopo luna', 'luna maya', 'maya kanal', 'kanal youtube', 'youtube miliknya', 'miliknya tayang', 'tayang selasa']","['jefri nichol digosipkan', 'nichol digosipkan menjalin', 'digosipkan menjalin hubungan', 'menjalin hubungan asmara', 'hubungan asmara amanda', 'asmara amanda manopo', 'amanda manopo mempromosikan', 'manopo mempromosikan film', 'mempromosikan film my', 'film my sassy', 'my sassy girl', 'sassy girl tiara', 'girl tiara andini', 'tiara andini nichol', 'andini nichol perihal', 'nichol perihal gosip', 'perihal gosip yes', 'gosip yes or', 'yes or no', 'or no jefri', 'no jefri nichol', 'jefri nichol mantap', 'nichol mantap amanda', 'mantap amanda manopo', 'amanda manopo luna', 'manopo luna maya', 'luna maya kanal', 'maya kanal youtube', 'kanal youtube miliknya', 'youtube miliknya tayang', 'miliknya tayang selasa']"
10,https://bola.kompas.com/read/2022/06/08/16000008/kemenpora-beri-bantuan-untuk-perkembangan-pencak-silat,"Demi mendukung perkembangkan olah raga pencak silat khususnya di Kabupaten Kuningan, Kemenpora memberikan bantuan sarana dan prasarana pendukung seperti matras dan dana tunai.  Bantuan kepada pencak silat tersebut diberikan oleh Penasehat Dharma Wanita Persatuan (DWP) Kemenpora RI Nadiah Zainudin Amali. Tiba di halaman perguruan pencak silat Padjajaran Cimande, penasehat DWP Kemenpora Nadiah Amali dan rombongan disambut dengan tarian pencak silat 'Mapak'.","['demi', 'mendukung', 'perkembangkan', 'olah', 'raga', 'pencak', 'silat', 'khususnya', 'di', 'kabupaten', 'kuningan', 'kemenpora', 'memberikan', 'bantuan', 'sarana', 'dan', 'prasarana', 'pendukung', 'seperti', 'matras', 'dan', 'dana', 'tunai', 'bantuan', 'kepada', 'pencak', 'silat', 'tersebut', 'diberikan', 'oleh', 'penasehat', 'dharma', 'wanita', 'persatuan', 'dwp', 'kemenpora', 'ri', 'nadiah', 'zainudin', 'amali', 'tiba', 'di', 'halaman', 'perguruan', 'pencak', 'silat', 'padjajaran', 'cimande', 'penasehat', 'dwp', 'kemenpora', 'nadiah', 'amali', 'dan', 'rombongan', 'disambut', 'dengan', 'tarian', 'pencak', 'silat', 'mapak']","['mendukung', 'perkembangkan', 'olahraga', 'pencak', 'silat', 'kabupaten', 'kuningan', 'kemenpora', 'bantuan', 'sarana', 'prasarana', 'pendukung', 'matras', 'dana', 'tunai', 'bantuan', 'pencak', 'silat', 'oleh', 'penasehat', 'dharma', 'wanita', 'persatuan', 'dwp', 'kemenpora', 'ri', 'nadiah', 'zainudin', 'amali', 'halaman', 'perguruan', 'pencak', 'silat', 'padjajaran', 'cimande', 'penasehat', 'dwp', 'kemenpora', 'nadiah', 'amali', 'rombongan', 'disambut', 'tarian', 'pencak', 'silat', 'mapak']",olahraga,"['mendukung', 'perkembangkan', 'olahraga', 'pencak', 'silat', 'kabupaten', 'kuningan', 'kemenpora', 'bantuan', 'sarana', 'prasarana', 'pendukung', 'matras', 'dana', 'tunai', 'bantuan', 'pencak', 'silat', 'oleh', 'penasehat', 'dharma', 'wanita', 'persatuan', 'dwp', 'kemenpora', 'ri', 'nadiah', 'zainudin', 'amali', 'halaman', 'perguruan', 'pencak', 'silat', 'padjajaran', 'cimande', 'penasehat', 'dwp', 'kemenpora', 'nadiah', 'amali', 'rombongan', 'disambut', 'tarian', 'pencak', 'silat', 'mapak']","['mendukung perkembangkan', 'perkembangkan olahraga', 'olahraga pencak', 'pencak silat', 'silat kabupaten', 'kabupaten kuningan', 'kuningan kemenpora', 'kemenpora bantuan', 'bantuan sarana', 'sarana prasarana', 'prasarana pendukung', 'pendukung matras', 'matras dana', 'dana tunai', 'tunai bantuan', 'bantuan pencak', 'pencak silat', 'silat oleh', 'oleh penasehat', 'penasehat dharma', 'dharma wanita', 'wanita persatuan', 'persatuan dwp', 'dwp kemenpora', 'kemenpora ri', 'ri nadiah', 'nadiah zainudin', 'zainudin amali', 'amali halaman', 'halaman perguruan', 'perguruan pencak', 'pencak silat', 'silat padjajaran', 'padjajaran cimande', 'cimande penasehat', 'penasehat dwp', 'dwp kemenpora', 'kemenpora nadiah', 'nadiah amali', 'amali rombongan', 'rombongan disambut', 'disambut tarian', 'tarian pencak', 'pencak silat', 'silat mapak']","['mendukung perkembangkan olahraga', 'perkembangkan olahraga pencak', 'olahraga pencak silat', 'pencak silat kabupaten', 'silat kabupaten kuningan', 'kabupaten kuningan kemenpora', 'kuningan kemenpora bantuan', 'kemenpora bantuan sarana', 'bantuan sarana prasarana', 'sarana prasarana pendukung', 'prasarana pendukung matras', 'pendukung matras dana', 'matras dana tunai', 'dana tunai bantuan', 'tunai bantuan pencak', 'bantuan pencak silat', 'pencak silat oleh', 'silat oleh penasehat', 'oleh penasehat dharma', 'penasehat dharma wanita', 'dharma wanita persatuan', 'wanita persatuan dwp', 'persatuan dwp kemenpora', 'dwp kemenpora ri', 'kemenpora ri nadiah', 'ri nadiah zainudin', 'nadiah zainudin amali', 'zainudin amali halaman', 'amali halaman perguruan', 'halaman perguruan pencak', 'perguruan pencak silat', 'pencak silat padjajaran', 'silat padjajaran cimande', 'padjajaran cimande penasehat', 'cimande penasehat dwp', 'penasehat dwp kemenpora', 'dwp kemenpora nadiah', 'kemenpora nadiah amali', 'nadiah amali rombongan', 'amali rombongan disambut', 'rombongan disambut tarian', 'disambut tarian pencak', 'tarian pencak silat', 'pencak silat mapak']"
11,https://www.kompas.com/sports/read/2022/04/11/09094698/beda-keterangan-manajer-timnas-futsal-indonesia-dan-kemenpora-soal-sea,"Pernyataan manajer timnas futsal Indonesia dan pihak Kemenpora terkait SEA Games 2021 bertolak belakang. Tepat pada Kamis (7/4/2022), Moch. Asmawi selaku Ketua Tim Review Peningkatan Prestasi Olahraga Nasional (PPON) Kemenpora kembali menjelaskan daftar cabor yang akan diikuti Indonesia pada SEA Games 2021 Vietnam. Asmawi memastikan Indonesia hanya akan memberangkatkan atlet dari 31 cabor yang berpotensi menyumbang medali di SEA Games 2021. Beberapa cabor yang sudah dipilih Kemenpora adalah angkat besi, atletik, bulu tangkis, karate, esport, hingga sepak bola. Dikutip dari situs Kemenpora, jumlah atlet Indonesia yang akan dikirim ke Vietnam untuk mengikuti SEA Games 2021 mencapai 476 orang dari 31 cabor.","['pernyataan', 'manajer', 'timnas', 'futsal', 'indonesia', 'dan', 'pihak', 'kemenpora', 'terkait', 'sea', 'games', 'bertolak', 'belakang', 'tepat', 'pada', 'kamis', 'moch', 'asmawi', 'selaku', 'ketua', 'tim', 'review', 'peningkatan', 'prestasi', 'olahraga', 'nasional', 'ppon', 'kemenpora', 'kembali', 'menjelaskan', 'daftar', 'cabor', 'yang', 'akan', 'diikuti', 'indonesia', 'pada', 'sea', 'games', 'vietnam', 'asmawi', 'memastikan', 'indonesia', 'hanya', 'akan', 'memberangkatkan', 'atlet', 'dari', 'cabor', 'yang', 'berpotensi', 'menyumbang', 'medali', 'di', 'sea', 'games', 'beberapa', 'cabor', 'yang', 'sudah', 'dipilih', 'kemenpora', 'adalah', 'angkat', 'besi', 'atletik', 'bulu', 'tangkis', 'karate', 'esport', 'hingga', 'sepak', 'bola', 'dikutip', 'dari', 'situs', 'kemenpora', 'jumlah', 'atlet', 'indonesia', 'yang', 'akan', 'dikirim', 'ke', 'vietnam', 'untuk', 'mengikuti', 'sea', 'games', 'mencapai', 'orang', 'dari', 'cabor']","['pernyataan', 'manajer', 'timnas', 'futsal', 'indonesia', 'kemenpora', 'terkait', 'sea', 'games', 'bertolak', 'kamis', 'moch', 'asmawi', 'ketua', 'tim', 'review', 'peningkatan', 'prestasi', 'olahraga', 'nasional', 'ppon', 'kemenpora', 'daftar', 'cabor', 'diikuti', 'indonesia', 'sea', 'games', 'vietnam', 'asmawi', 'indonesia', 'memberangkatkan', 'atlet', 'cabor', 'berpotensi', 'menyumbang', 'medali', 'sea', 'games', 'cabor', 'dipilih', 'kemenpora', 'angkat', 'besi', 'atletik', 'bulu', 'tangkis', 'karate', 'esport', 'sepak', 'bola', 'dikutip', 'situs', 'kemenpora', 'atlet', 'indonesia', 'dikirim', 'vietnam', 'mengikuti', 'sea', 'games', 'mencapai', 'cabor']",olahraga,"['pernyataan', 'manajer', 'timnas', 'futsal', 'indonesia', 'kemenpora', 'terkait', 'sea', 'games', 'bertolak', 'kamis', 'moch', 'asmawi', 'ketua', 'tim', 'review', 'peningkatan', 'prestasi', 'olahraga', 'nasional', 'ppon', 'kemenpora', 'daftar', 'cabor', 'diikuti', 'indonesia', 'sea', 'games', 'vietnam', 'asmawi', 'indonesia', 'memberangkatkan', 'atlet', 'cabor', 'berpotensi', 'menyumbang', 'medali', 'sea', 'games', 'cabor', 'dipilih', 'kemenpora', 'angkat', 'besi', 'atletik', 'bulu', 'tangkis', 'karate', 'esport', 'sepak', 'bola', 'dikutip', 'situs', 'kemenpora', 'atlet', 'indonesia', 'dikirim', 'vietnam', 'mengikuti', 'sea', 'games', 'mencapai', 'cabor']","['pernyataan manajer', 'manajer timnas', 'timnas futsal', 'futsal indonesia', 'indonesia kemenpora', 'kemenpora terkait', 'terkait sea', 'sea games', 'games bertolak', 'bertolak kamis', 'kamis moch', 'moch asmawi', 'asmawi ketua', 'ketua tim', 'tim review', 'review peningkatan', 'peningkatan prestasi', 'prestasi olahraga', 'olahraga nasional', 'nasional ppon', 'ppon kemenpora', 'kemenpora daftar', 'daftar cabor', 'cabor diikuti', 'diikuti indonesia', 'indonesia sea', 'sea games', 'games vietnam', 'vietnam asmawi', 'asmawi indonesia', 'indonesia memberangkatkan', 'memberangkatkan atlet', 'atlet cabor', 'cabor berpotensi', 'berpotensi menyumbang', 'menyumbang medali', 'medali sea', 'sea games', 'games cabor', 'cabor dipilih', 'dipilih kemenpora', 'kemenpora angkat', 'angkat besi', 'besi atletik', 'atletik bulu', 'bulu tangkis', 'tangkis karate', 'karate esport', 'esport sepak', 'sepak bola', 'bola dikutip', 'dikutip situs', 'situs kemenpora', 'kemenpora atlet', 'atlet indonesia', 'indonesia dikirim', 'dikirim vietnam', 'vietnam mengikuti', 'mengikuti sea', 'sea games', 'games mencapai', 'mencapai cabor']","['pernyataan manajer timnas', 'manajer timnas futsal', 'timnas futsal indonesia', 'futsal indonesia kemenpora', 'indonesia kemenpora terkait', 'kemenpora terkait sea', 'terkait sea games', 'sea games bertolak', 'games bertolak kamis', 'bertolak kamis moch', 'kamis moch asmawi', 'moch asmawi ketua', 'asmawi ketua tim', 'ketua tim review', 'tim review peningkatan', 'review peningkatan prestasi', 'peningkatan prestasi olahraga', 'prestasi olahraga nasional', 'olahraga nasional ppon', 'nasional ppon kemenpora', 'ppon kemenpora daftar', 'kemenpora daftar cabor', 'daftar cabor diikuti', 'cabor diikuti indonesia', 'diikuti indonesia sea', 'indonesia sea games', 'sea games vietnam', 'games vietnam asmawi', 'vietnam asmawi indonesia', 'asmawi indonesia memberangkatkan', 'indonesia memberangkatkan atlet', 'memberangkatkan atlet cabor', 'atlet cabor berpotensi', 'cabor berpotensi menyumbang', 'berpotensi menyumbang medali', 'menyumbang medali sea', 'medali sea games', 'sea games cabor', 'games cabor dipilih', 'cabor dipilih kemenpora', 'dipilih kemenpora angkat', 'kemenpora angkat besi', 'angkat besi atletik', 'besi atletik bulu', 'atletik bulu tangkis', 'bulu tangkis karate', 'tangkis karate esport', 'karate esport sepak', 'esport sepak bola', 'sepak bola dikutip', 'bola dikutip situs', 'dikutip situs kemenpora', 'situs kemenpora atlet', 'kemenpora atlet indonesia', 'atlet indonesia dikirim', 'indonesia dikirim vietnam', 'dikirim vietnam mengikuti', 'vietnam mengikuti sea', 'mengikuti sea games', 'sea games mencapai', 'games mencapai cabor']"
12,https://www.kompas.com/sports/read/2022/04/06/04000038/profil-muhammad-albagir-kiper-andalan-timnas-futsal-indonesia,"Penjaga gawang timnas futsal Indonesia, Muhammad Albagir, layak mendapatkan apresiasi pada laga Indonesia vs Thailand. Performa Albagir di bawah mistar gawang Indonesia dalam babak penyisihan Grup A Piala AFF 2022 sungguh memesona. Pada laga Indonesia vs Thailand, Selasa (4/5/2022) malam WIB misalnya. Begitu banyak penyelamatan yang dia buat. Penyelamatan kiper asal Semarang tersebut membuat para pemain timnas Thailand frustrasi.","['penjaga', 'gawang', 'timnas', 'futsal', 'indonesia', 'muhammad', 'albagir', 'layak', 'mendapatkan', 'apresiasi', 'pada', 'laga', 'indonesia', 'vs', 'thailand', 'performa', 'albagir', 'di', 'bawah', 'mistar', 'gawang', 'indonesia', 'dalam', 'babak', 'penyisihan', 'grup', 'a', 'piala', 'aff', 'sungguh', 'memesona', 'pada', 'laga', 'indonesia', 'vs', 'thailand', 'selasa', 'malam', 'wib', 'misalnya', 'begitu', 'banyak', 'penyelamatan', 'yang', 'dia', 'buat', 'penyelamatan', 'kiper', 'asal', 'semarang', 'tersebut', 'membuat', 'para', 'pemain', 'timnas', 'thailand', 'frustrasi']","['penjaga', 'gawang', 'timnas', 'futsal', 'indonesia', 'muhammad', 'albagir', 'layak', 'apresiasi', 'laga', 'indonesia', 'vs', 'thailand', 'performa', 'albagir', 'mistar', 'gawang', 'indonesia', 'babak', 'penyisihan', 'grup', 'piala', 'aff', 'sungguh', 'memesona', 'laga', 'indonesia', 'vs', 'thailand', 'selasa', 'malam', 'wib', 'penyelamatan', 'penyelamatan', 'kiper', 'semarang', 'pemain', 'timnas', 'thailand', 'frustrasi']",olahraga,"['penjaga', 'gawang', 'timnas', 'futsal', 'indonesia', 'muhammad', 'albagir', 'layak', 'apresiasi', 'laga', 'indonesia', 'vs', 'thailand', 'performa', 'albagir', 'mistar', 'gawang', 'indonesia', 'babak', 'penyisihan', 'grup', 'piala', 'aff', 'sungguh', 'memesona', 'laga', 'indonesia', 'vs', 'thailand', 'selasa', 'malam', 'wib', 'penyelamatan', 'penyelamatan', 'kiper', 'semarang', 'pemain', 'timnas', 'thailand', 'frustrasi']","['penjaga gawang', 'gawang timnas', 'timnas futsal', 'futsal indonesia', 'indonesia muhammad', 'muhammad albagir', 'albagir layak', 'layak apresiasi', 'apresiasi laga', 'laga indonesia', 'indonesia vs', 'vs thailand', 'thailand performa', 'performa albagir', 'albagir mistar', 'mistar gawang', 'gawang indonesia', 'indonesia babak', 'babak penyisihan', 'penyisihan grup', 'grup piala', 'piala aff', 'aff sungguh', 'sungguh memesona', 'memesona laga', 'laga indonesia', 'indonesia vs', 'vs thailand', 'thailand selasa', 'selasa malam', 'malam wib', 'wib penyelamatan', 'penyelamatan penyelamatan', 'penyelamatan kiper', 'kiper semarang', 'semarang pemain', 'pemain timnas', 'timnas thailand', 'thailand frustrasi']","['penjaga gawang timnas', 'gawang timnas futsal', 'timnas futsal indonesia', 'futsal indonesia muhammad', 'indonesia muhammad albagir', 'muhammad albagir layak', 'albagir layak apresiasi', 'layak apresiasi laga', 'apresiasi laga indonesia', 'laga indonesia vs', 'indonesia vs thailand', 'vs thailand performa', 'thailand performa albagir', 'performa albagir mistar', 'albagir mistar gawang', 'mistar gawang indonesia', 'gawang indonesia babak', 'indonesia babak penyisihan', 'babak penyisihan grup', 'penyisihan grup piala', 'grup piala aff', 'piala aff sungguh', 'aff sungguh memesona', 'sungguh memesona laga', 'memesona laga indonesia', 'laga indonesia vs', 'indonesia vs thailand', 'vs thailand selasa', 'thailand selasa malam', 'selasa malam wib', 'malam wib penyelamatan', 'wib penyelamatan penyelamatan', 'penyelamatan penyelamatan kiper', 'penyelamatan kiper semarang', 'kiper semarang pemain', 'semarang pemain timnas', 'pemain timnas thailand', 'timnas thailand frustrasi']"
13,https://www.kompas.com/sports/read/2022/03/29/20200018/profil-ronaldinho-legenda-sepak-bola-dunia-berseragam-klub-indonesia,"Kejutan datang dalam sejarah dunia sepak bola Indonesia. Untuk kali pertama ada klub Liga 1 yang menggaet sosok Ronaldinho ke Tanah Air. Klub tersebut adalah RANS FC yang baru saja mengumumkan Ronaldinho bakal bergabung dengan tim milik Raffi Ahmad tersebut. Akan tetapi, Ronaldinho bergabung dengan klub Liga 1 hanya untuk laga amal (charity game) antara RANS FC, Arema FC, Persija Jakarta, dan Persis Solo. Artinya, Ronaldinho tidak dikontrak oleh The Golden Phoenix, julukan RANS FC, untuk Liga 1 musim mendatang. Laga amal tersebut akan berlangsung di Jakarta.","['kejutan', 'datang', 'dalam', 'sejarah', 'dunia', 'sepak', 'bola', 'indonesia', 'untuk', 'kali', 'pertama', 'ada', 'klub', 'liga', 'yang', 'menggaet', 'sosok', 'ronaldinho', 'ke', 'tanah', 'air', 'klub', 'tersebut', 'adalah', 'rans', 'fc', 'yang', 'baru', 'saja', 'mengumumkan', 'ronaldinho', 'bakal', 'bergabung', 'dengan', 'tim', 'milik', 'raffi', 'ahmad', 'tersebut', 'akan', 'tetapi', 'ronaldinho', 'bergabung', 'dengan', 'klub', 'liga', 'hanya', 'untuk', 'laga', 'amal', 'charity', 'game', 'antara', 'rans', 'fc', 'arema', 'fc', 'persija', 'jakarta', 'dan', 'persis', 'solo', 'artinya', 'ronaldinho', 'tidak', 'dikontrak', 'oleh', 'the', 'golden', 'phoenix', 'julukan', 'rans', 'fc', 'untuk', 'liga', 'musim', 'mendatang', 'laga', 'amal', 'tersebut', 'akan', 'berlangsung', 'di', 'jakarta']","['kejutan', 'sejarah', 'dunia', 'sepak', 'bola', 'indonesia', 'klub', 'liga', 'menggaet', 'sosok', 'ronaldinho', 'tanah', 'air', 'klub', 'rans', 'fc', 'mengumumkan', 'ronaldinho', 'bergabung', 'tim', 'milik', 'raffi', 'ahmad', 'ronaldinho', 'bergabung', 'klub', 'liga', 'laga', 'amal', 'charity', 'game', 'rans', 'fc', 'arema', 'fc', 'persija', 'jakarta', 'persis', 'solo', 'ronaldinho', 'dikontrak', 'the', 'golden', 'phoenix', 'julukan', 'rans', 'fc', 'liga', 'musim', 'laga', 'amal', 'jakarta']",olahraga,"['kejutan', 'sejarah', 'dunia', 'sepak', 'bola', 'indonesia', 'klub', 'liga', 'menggaet', 'sosok', 'ronaldinho', 'tanah', 'air', 'klub', 'rans', 'fc', 'mengumumkan', 'ronaldinho', 'bergabung', 'tim', 'milik', 'raffi', 'ahmad', 'ronaldinho', 'bergabung', 'klub', 'liga', 'laga', 'amal', 'charity', 'game', 'rans', 'fc', 'arema', 'fc', 'persija', 'jakarta', 'persis', 'solo', 'ronaldinho', 'dikontrak', 'the', 'golden', 'phoenix', 'julukan', 'rans', 'fc', 'liga', 'musim', 'laga', 'amal', 'jakarta']","['kejutan sejarah', 'sejarah dunia', 'dunia sepak', 'sepak bola', 'bola indonesia', 'indonesia klub', 'klub liga', 'liga menggaet', 'menggaet sosok', 'sosok ronaldinho', 'ronaldinho tanah', 'tanah air', 'air klub', 'klub rans', 'rans fc', 'fc mengumumkan', 'mengumumkan ronaldinho', 'ronaldinho bergabung', 'bergabung tim', 'tim milik', 'milik raffi', 'raffi ahmad', 'ahmad ronaldinho', 'ronaldinho bergabung', 'bergabung klub', 'klub liga', 'liga laga', 'laga amal', 'amal charity', 'charity game', 'game rans', 'rans fc', 'fc arema', 'arema fc', 'fc persija', 'persija jakarta', 'jakarta persis', 'persis solo', 'solo ronaldinho', 'ronaldinho dikontrak', 'dikontrak the', 'the golden', 'golden phoenix', 'phoenix julukan', 'julukan rans', 'rans fc', 'fc liga', 'liga musim', 'musim laga', 'laga amal', 'amal jakarta']","['kejutan sejarah dunia', 'sejarah dunia sepak', 'dunia sepak bola', 'sepak bola indonesia', 'bola indonesia klub', 'indonesia klub liga', 'klub liga menggaet', 'liga menggaet sosok', 'menggaet sosok ronaldinho', 'sosok ronaldinho tanah', 'ronaldinho tanah air', 'tanah air klub', 'air klub rans', 'klub rans fc', 'rans fc mengumumkan', 'fc mengumumkan ronaldinho', 'mengumumkan ronaldinho bergabung', 'ronaldinho bergabung tim', 'bergabung tim milik', 'tim milik raffi', 'milik raffi ahmad', 'raffi ahmad ronaldinho', 'ahmad ronaldinho bergabung', 'ronaldinho bergabung klub', 'bergabung klub liga', 'klub liga laga', 'liga laga amal', 'laga amal charity', 'amal charity game', 'charity game rans', 'game rans fc', 'rans fc arema', 'fc arema fc', 'arema fc persija', 'fc persija jakarta', 'persija jakarta persis', 'jakarta persis solo', 'persis solo ronaldinho', 'solo ronaldinho dikontrak', 'ronaldinho dikontrak the', 'dikontrak the golden', 'the golden phoenix', 'golden phoenix julukan', 'phoenix julukan rans', 'julukan rans fc', 'rans fc liga', 'fc liga musim', 'liga musim laga', 'musim laga amal', 'laga amal jakarta']"
14,https://bola.kompas.com/read/2022/03/29/19293478/promosi-ke-liga-1-rans-cilegon-fc-rekrut-ronaldinho,"Tim sepak bola milik Raffi Ahmad, RANS Cilegon FC, resmi mendatangkan legenda sepak bola Brasil, Ronaldinho. Hal itu disampaikan Raffi Ahmad dalam acara bertajuk ""The Extra Ordinary Story of RANS FC: Superstar Announcement"" pada Selasa (29/3/2022). Acara tersebut merupakan perayaan ulang tahun RANS Cilegon FC yang pertama. Menpora Zainudin Amali dan Ketua Umum PSSI, Mochamad Iriawan, juga terlihat hadir dalam acara tersebut. Dalam keterangannya, Raffi Ahmad menyebut Ronaldinho didatangkan untuk meramaikan charity sekaligus mini turnamen menjelang Liga 1 musim depan. Turnamen itu rencananya akan dikuti oleh RANS Cilegon FC, Persis Solo, dan Persija Jakarta.","['tim', 'sepak', 'bola', 'milik', 'raffi', 'ahmad', 'rans', 'cilegon', 'fc', 'resmi', 'mendatangkan', 'legenda', 'sepak', 'bola', 'brasil', 'ronaldinho', 'hal', 'itu', 'disampaikan', 'raffi', 'ahmad', 'dalam', 'acara', 'bertajuk', 'the', 'extra', 'ordinary', 'story', 'of', 'rans', 'fc', 'superstar', 'announcement', 'pada', 'selasa', 'acara', 'tersebut', 'merupakan', 'perayaan', 'ulang', 'tahun', 'rans', 'cilegon', 'fc', 'yang', 'pertama', 'menpora', 'zainudin', 'amali', 'dan', 'ketua', 'umum', 'pssi', 'mochamad', 'iriawan', 'juga', 'terlihat', 'hadir', 'dalam', 'acara', 'tersebut', 'dalam', 'keterangannya', 'raffi', 'ahmad', 'menyebut', 'ronaldinho', 'didatangkan', 'untuk', 'meramaikan', 'charity', 'sekaligus', 'mini', 'turnamen', 'menjelang', 'liga', 'musim', 'depan', 'turnamen', 'itu', 'rencananya', 'akan', 'dikuti', 'oleh', 'rans', 'cilegon', 'fc', 'persis', 'solo', 'dan', 'persija', 'jakarta']","['tim', 'sepak', 'bola', 'milik', 'raffi', 'ahmad', 'rans', 'cilegon', 'fc', 'resmi', 'legenda', 'sepak', 'bola', 'brasil', 'ronaldinho', 'raffi', 'ahmad', 'acara', 'bertajuk', 'the', 'extra', 'ordinary', 'story', 'of', 'rans', 'fc', 'superstar', 'announcement', 'selasa', 'acara', 'perayaan', 'ulang', 'tahun', 'rans', 'cilegon', 'fc', 'menpora', 'zainudin', 'amali', 'ketua', 'umum', 'pssi', 'mochamad', 'iriawan', 'hadir', 'acara', 'keterangannya', 'raffi', 'ahmad', 'menyebut', 'ronaldinho', 'meramaikan', 'charity', 'mini', 'turnamen', 'menjelang', 'liga', 'musim', 'turnamen', 'rencananya', 'dikuti', 'rans', 'cilegon', 'fc', 'persis', 'solo', 'persija', 'jakarta']",olahraga,"['tim', 'sepak', 'bola', 'milik', 'raffi', 'ahmad', 'rans', 'cilegon', 'fc', 'resmi', 'legenda', 'sepak', 'bola', 'brasil', 'ronaldinho', 'raffi', 'ahmad', 'acara', 'bertajuk', 'the', 'extra', 'ordinary', 'story', 'of', 'rans', 'fc', 'superstar', 'announcement', 'selasa', 'acara', 'perayaan', 'ulang', 'tahun', 'rans', 'cilegon', 'fc', 'menpora', 'zainudin', 'amali', 'ketua', 'umum', 'pssi', 'mochamad', 'iriawan', 'hadir', 'acara', 'keterangannya', 'raffi', 'ahmad', 'menyebut', 'ronaldinho', 'meramaikan', 'charity', 'mini', 'turnamen', 'menjelang', 'liga', 'musim', 'turnamen', 'rencananya', 'dikuti', 'rans', 'cilegon', 'fc', 'persis', 'solo', 'persija', 'jakarta']","['tim sepak', 'sepak bola', 'bola milik', 'milik raffi', 'raffi ahmad', 'ahmad rans', 'rans cilegon', 'cilegon fc', 'fc resmi', 'resmi legenda', 'legenda sepak', 'sepak bola', 'bola brasil', 'brasil ronaldinho', 'ronaldinho raffi', 'raffi ahmad', 'ahmad acara', 'acara bertajuk', 'bertajuk the', 'the extra', 'extra ordinary', 'ordinary story', 'story of', 'of rans', 'rans fc', 'fc superstar', 'superstar announcement', 'announcement selasa', 'selasa acara', 'acara perayaan', 'perayaan ulang', 'ulang tahun', 'tahun rans', 'rans cilegon', 'cilegon fc', 'fc menpora', 'menpora zainudin', 'zainudin amali', 'amali ketua', 'ketua umum', 'umum pssi', 'pssi mochamad', 'mochamad iriawan', 'iriawan hadir', 'hadir acara', 'acara keterangannya', 'keterangannya raffi', 'raffi ahmad', 'ahmad menyebut', 'menyebut ronaldinho', 'ronaldinho meramaikan', 'meramaikan charity', 'charity mini', 'mini turnamen', 'turnamen menjelang', 'menjelang liga', 'liga musim', 'musim turnamen', 'turnamen rencananya', 'rencananya dikuti', 'dikuti rans', 'rans cilegon', 'cilegon fc', 'fc persis', 'persis solo', 'solo persija', 'persija jakarta']","['tim sepak bola', 'sepak bola milik', 'bola milik raffi', 'milik raffi ahmad', 'raffi ahmad rans', 'ahmad rans cilegon', 'rans cilegon fc', 'cilegon fc resmi', 'fc resmi legenda', 'resmi legenda sepak', 'legenda sepak bola', 'sepak bola brasil', 'bola brasil ronaldinho', 'brasil ronaldinho raffi', 'ronaldinho raffi ahmad', 'raffi ahmad acara', 'ahmad acara bertajuk', 'acara bertajuk the', 'bertajuk the extra', 'the extra ordinary', 'extra ordinary story', 'ordinary story of', 'story of rans', 'of rans fc', 'rans fc superstar', 'fc superstar announcement', 'superstar announcement selasa', 'announcement selasa acara', 'selasa acara perayaan', 'acara perayaan ulang', 'perayaan ulang tahun', 'ulang tahun rans', 'tahun rans cilegon', 'rans cilegon fc', 'cilegon fc menpora', 'fc menpora zainudin', 'menpora zainudin amali', 'zainudin amali ketua', 'amali ketua umum', 'ketua umum pssi', 'umum pssi mochamad', 'pssi mochamad iriawan', 'mochamad iriawan hadir', 'iriawan hadir acara', 'hadir acara keterangannya', 'acara keterangannya raffi', 'keterangannya raffi ahmad', 'raffi ahmad menyebut', 'ahmad menyebut ronaldinho', 'menyebut ronaldinho meramaikan', 'ronaldinho meramaikan charity', 'meramaikan charity mini', 'charity mini turnamen', 'mini turnamen menjelang', 'turnamen menjelang liga', 'menjelang liga musim', 'liga musim turnamen', 'musim turnamen rencananya', 'turnamen rencananya dikuti', 'rencananya dikuti rans', 'dikuti rans cilegon', 'rans cilegon fc', 'cilegon fc persis', 'fc persis solo', 'persis solo persija', 'solo persija jakarta']"
15,https://bola.kompas.com/read/2022/01/11/04150058/berniat-datangkan-mesut-oezil-berapa-biaya-yang-perlu-disiapkan-rans-cilegon,"RANS Cilegon FC yang baru promosi ke Liga 1, dikabarkan berniat mendatangkan gelandang asal Jerman, Mesut Oezil, dari tim kasta teratas Liga Turki, Fenerbahce. Niat RANS Cilegon FC yang ingin mendatangkan Mesut Oezil mulai dibicarakan menyusul adanya pernyataan dari sang pemilik, Raffi Ahmad. Raffi Ahmad mengatakan bahwa dirinya telah menghubungi Mesut Oezil untuk bergabung dengan RANS Cilegon FC pada Liga 1 musim depan. Bahkan, Raffi Ahmad mengaku telah mencapai kesepakatan dengan mantan pemain Real Madrid dan Arsenal itu.","['rans', 'cilegon', 'fc', 'yang', 'baru', 'promosi', 'ke', 'liga', 'dikabarkan', 'berniat', 'mendatangkan', 'gelandang', 'asal', 'jerman', 'mesut', 'oezil', 'dari', 'tim', 'kasta', 'teratas', 'liga', 'turki', 'fenerbahce', 'niat', 'rans', 'cilegon', 'fc', 'yang', 'ingin', 'mendatangkan', 'mesut', 'oezil', 'mulai', 'dibicarakan', 'menyusul', 'adanya', 'pernyataan', 'dari', 'sang', 'pemilik', 'raffi', 'ahmad', 'raffi', 'ahmad', 'mengatakan', 'bahwa', 'dirinya', 'telah', 'menghubungi', 'mesut', 'oezil', 'untuk', 'bergabung', 'dengan', 'rans', 'cilegon', 'fc', 'pada', 'liga', 'musim', 'depan', 'bahkan', 'raffi', 'ahmad', 'mengaku', 'telah', 'mencapai', 'kesepakatan', 'dengan', 'mantan', 'pemain', 'real', 'madrid', 'dan', 'arsenal', 'itu']","['rans', 'cilegon', 'fc', 'promosi', 'liga', 'dikabarkan', 'berniat', 'gelandang', 'jerman', 'mesut', 'oezil', 'tim', 'kasta', 'teratas', 'liga', 'turki', 'fenerbahce', 'niat', 'rans', 'cilegon', 'fc', 'mesut', 'oezil', 'dibicarakan', 'menyusul', 'pernyataan', 'sang', 'pemilik', 'raffi', 'ahmad', 'raffi', 'ahmad', 'menghubungi', 'mesut', 'oezil', 'bergabung', 'rans', 'cilegon', 'fc', 'liga', 'musim', 'raffi', 'ahmad', 'mengaku', 'mencapai', 'kesepakatan', 'mantan', 'pemain', 'real', 'madrid', 'arsenal']",olahraga,"['rans', 'cilegon', 'fc', 'promosi', 'liga', 'dikabarkan', 'berniat', 'gelandang', 'jerman', 'mesut', 'oezil', 'tim', 'kasta', 'teratas', 'liga', 'turki', 'fenerbahce', 'niat', 'rans', 'cilegon', 'fc', 'mesut', 'oezil', 'dibicarakan', 'menyusul', 'pernyataan', 'sang', 'pemilik', 'raffi', 'ahmad', 'raffi', 'ahmad', 'menghubungi', 'mesut', 'oezil', 'bergabung', 'rans', 'cilegon', 'fc', 'liga', 'musim', 'raffi', 'ahmad', 'mengaku', 'mencapai', 'kesepakatan', 'mantan', 'pemain', 'real', 'madrid', 'arsenal']","['rans cilegon', 'cilegon fc', 'fc promosi', 'promosi liga', 'liga dikabarkan', 'dikabarkan berniat', 'berniat gelandang', 'gelandang jerman', 'jerman mesut', 'mesut oezil', 'oezil tim', 'tim kasta', 'kasta teratas', 'teratas liga', 'liga turki', 'turki fenerbahce', 'fenerbahce niat', 'niat rans', 'rans cilegon', 'cilegon fc', 'fc mesut', 'mesut oezil', 'oezil dibicarakan', 'dibicarakan menyusul', 'menyusul pernyataan', 'pernyataan sang', 'sang pemilik', 'pemilik raffi', 'raffi ahmad', 'ahmad raffi', 'raffi ahmad', 'ahmad menghubungi', 'menghubungi mesut', 'mesut oezil', 'oezil bergabung', 'bergabung rans', 'rans cilegon', 'cilegon fc', 'fc liga', 'liga musim', 'musim raffi', 'raffi ahmad', 'ahmad mengaku', 'mengaku mencapai', 'mencapai kesepakatan', 'kesepakatan mantan', 'mantan pemain', 'pemain real', 'real madrid', 'madrid arsenal']","['rans cilegon fc', 'cilegon fc promosi', 'fc promosi liga', 'promosi liga dikabarkan', 'liga dikabarkan berniat', 'dikabarkan berniat gelandang', 'berniat gelandang jerman', 'gelandang jerman mesut', 'jerman mesut oezil', 'mesut oezil tim', 'oezil tim kasta', 'tim kasta teratas', 'kasta teratas liga', 'teratas liga turki', 'liga turki fenerbahce', 'turki fenerbahce niat', 'fenerbahce niat rans', 'niat rans cilegon', 'rans cilegon fc', 'cilegon fc mesut', 'fc mesut oezil', 'mesut oezil dibicarakan', 'oezil dibicarakan menyusul', 'dibicarakan menyusul pernyataan', 'menyusul pernyataan sang', 'pernyataan sang pemilik', 'sang pemilik raffi', 'pemilik raffi ahmad', 'raffi ahmad raffi', 'ahmad raffi ahmad', 'raffi ahmad menghubungi', 'ahmad menghubungi mesut', 'menghubungi mesut oezil', 'mesut oezil bergabung', 'oezil bergabung rans', 'bergabung rans cilegon', 'rans cilegon fc', 'cilegon fc liga', 'fc liga musim', 'liga musim raffi', 'musim raffi ahmad', 'raffi ahmad mengaku', 'ahmad mengaku mencapai', 'mengaku mencapai kesepakatan', 'mencapai kesepakatan mantan', 'kesepakatan mantan pemain', 'mantan pemain real', 'pemain real madrid', 'real madrid arsenal']"
16,https://bola.kompas.com/read/2021/01/23/14400008/arteta--ada-hikmah-di-balik-kepergian-mesut-oezil-dari-arsenal,"Pelatih Arsenal, Mikel Arteta, menyebut kepergian Mesut Oezil membuat timnya mendapat hikmah atau pelajaran yang berharga. Arsenal sepakat untuk mengakhiri kontrak dengan Oezil pada pekan ini. Gelandang asal Jerman itu akan melanjutkan kiprahnya bersama Fenerbahce di Liga Turki. Kepergian Oezil jelas mengurangi beban The Gunners karena mereka tak perlu membayar gajinya yang begitu fantastis. Adapun besaran gaji Oezil di Stadion Emirates adalah 350 ribu pounds atau sekitar Rp 6,7 miliar per pekan.","['pelatih', 'arsenal', 'mikel', 'arteta', 'menyebut', 'kepergian', 'mesut', 'oezil', 'membuat', 'timnya', 'mendapat', 'hikmah', 'atau', 'pelajaran', 'yang', 'berharga', 'arsenal', 'sepakat', 'untuk', 'mengakhiri', 'kontrak', 'dengan', 'oezil', 'pada', 'pekan', 'ini', 'gelandang', 'asal', 'jerman', 'itu', 'akan', 'melanjutkan', 'kiprahnya', 'bersama', 'fenerbahce', 'di', 'liga', 'turki', 'kepergian', 'oezil', 'jelas', 'mengurangi', 'beban', 'the', 'gunners', 'karena', 'mereka', 'tak', 'perlu', 'membayar', 'gajinya', 'yang', 'begitu', 'fantastis', 'adapun', 'besaran', 'gaji', 'oezil', 'di', 'stadion', 'emirates', 'adalah', 'ribu', 'pounds', 'atau', 'sekitar', 'rp', 'miliar', 'per', 'pekan']","['pelatih', 'arsenal', 'mikel', 'arteta', 'menyebut', 'kepergian', 'mesut', 'oezil', 'timnya', 'hikmah', 'pelajaran', 'berharga', 'arsenal', 'sepakat', 'kontrak', 'oezil', 'pekan', 'gelandang', 'jerman', 'melanjutkan', 'kiprahnya', 'fenerbahce', 'liga', 'turki', 'kepergian', 'oezil', 'mengurangi', 'beban', 'the', 'gunners', 'membayar', 'gajinya', 'fantastis', 'besaran', 'gaji', 'oezil', 'stadion', 'emirates', 'ribu', 'pounds', 'rp', 'miliar', 'pekan']",olahraga,"['pelatih', 'arsenal', 'mikel', 'arteta', 'menyebut', 'kepergian', 'mesut', 'oezil', 'timnya', 'hikmah', 'pelajaran', 'berharga', 'arsenal', 'sepakat', 'kontrak', 'oezil', 'pekan', 'gelandang', 'jerman', 'melanjutkan', 'kiprahnya', 'fenerbahce', 'liga', 'turki', 'kepergian', 'oezil', 'mengurangi', 'beban', 'the', 'gunners', 'membayar', 'gajinya', 'fantastis', 'besaran', 'gaji', 'oezil', 'stadion', 'emirates', 'ribu', 'pounds', 'rp', 'miliar', 'pekan']","['pelatih arsenal', 'arsenal mikel', 'mikel arteta', 'arteta menyebut', 'menyebut kepergian', 'kepergian mesut', 'mesut oezil', 'oezil timnya', 'timnya hikmah', 'hikmah pelajaran', 'pelajaran berharga', 'berharga arsenal', 'arsenal sepakat', 'sepakat kontrak', 'kontrak oezil', 'oezil pekan', 'pekan gelandang', 'gelandang jerman', 'jerman melanjutkan', 'melanjutkan kiprahnya', 'kiprahnya fenerbahce', 'fenerbahce liga', 'liga turki', 'turki kepergian', 'kepergian oezil', 'oezil mengurangi', 'mengurangi beban', 'beban the', 'the gunners', 'gunners membayar', 'membayar gajinya', 'gajinya fantastis', 'fantastis besaran', 'besaran gaji', 'gaji oezil', 'oezil stadion', 'stadion emirates', 'emirates ribu', 'ribu pounds', 'pounds rp', 'rp miliar', 'miliar pekan']","['pelatih arsenal mikel', 'arsenal mikel arteta', 'mikel arteta menyebut', 'arteta menyebut kepergian', 'menyebut kepergian mesut', 'kepergian mesut oezil', 'mesut oezil timnya', 'oezil timnya hikmah', 'timnya hikmah pelajaran', 'hikmah pelajaran berharga', 'pelajaran berharga arsenal', 'berharga arsenal sepakat', 'arsenal sepakat kontrak', 'sepakat kontrak oezil', 'kontrak oezil pekan', 'oezil pekan gelandang', 'pekan gelandang jerman', 'gelandang jerman melanjutkan', 'jerman melanjutkan kiprahnya', 'melanjutkan kiprahnya fenerbahce', 'kiprahnya fenerbahce liga', 'fenerbahce liga turki', 'liga turki kepergian', 'turki kepergian oezil', 'kepergian oezil mengurangi', 'oezil mengurangi beban', 'mengurangi beban the', 'beban the gunners', 'the gunners membayar', 'gunners membayar gajinya', 'membayar gajinya fantastis', 'gajinya fantastis besaran', 'fantastis besaran gaji', 'besaran gaji oezil', 'gaji oezil stadion', 'oezil stadion emirates', 'stadion emirates ribu', 'emirates ribu pounds', 'ribu pounds rp', 'pounds rp miliar', 'rp miliar pekan']"
17,https://www.kompas.com/sports/read/2021/01/22/10400058/wayne-rooney--man-united-bisa-juara-liga-inggris-musim-ini,"Pemilik rekor gol terbanyak di Manchester United, Wayne Rooney, memprediksi klub berjuluk Setan Merah bakal juara Liga Inggris. Prediksi Wayne Rooney tak lepas dari performa Man United dalam 10 laga terakhir yakni tak pernah merasakan kalah. Man United saat ini juga menduduki peringkat pertama klasemen Liga Inggris hingga pekan ke-19. Klub berjuluk Setan Merah itu meraih 40 poin dari 19 laga. Di posisi kedua, ada tetangga Setan Merah, Man City yang mengoleksi 38 poin.","['pemilik', 'rekor', 'gol', 'terbanyak', 'di', 'manchester', 'united', 'wayne', 'rooney', 'memprediksi', 'klub', 'berjuluk', 'setan', 'merah', 'bakal', 'juara', 'liga', 'inggris', 'prediksi', 'wayne', 'rooney', 'tak', 'lepas', 'dari', 'performa', 'man', 'united', 'dalam', 'laga', 'terakhir', 'yakni', 'tak', 'pernah', 'merasakan', 'kalah', 'man', 'united', 'saat', 'ini', 'juga', 'menduduki', 'peringkat', 'pertama', 'klasemen', 'liga', 'inggris', 'hingga', 'pekan', 'ke', 'klub', 'berjuluk', 'setan', 'merah', 'itu', 'meraih', 'poin', 'dari', 'laga', 'di', 'posisi', 'kedua', 'ada', 'tetangga', 'setan', 'merah', 'man', 'city', 'yang', 'mengoleksi', 'poin']","['pemilik', 'rekor', 'gol', 'manchester', 'united', 'wayne', 'rooney', 'memprediksi', 'klub', 'berjuluk', 'setan', 'merah', 'juara', 'liga', 'inggris', 'prediksi', 'wayne', 'rooney', 'lepas', 'performa', 'man', 'united', 'laga', 'merasakan', 'kalah', 'man', 'united', 'menduduki', 'peringkat', 'klasemen', 'liga', 'inggris', 'pekan', 'klub', 'berjuluk', 'setan', 'merah', 'meraih', 'poin', 'laga', 'posisi', 'tetangga', 'setan', 'merah', 'man', 'city', 'mengoleksi', 'poin']",olahraga,"['pemilik', 'rekor', 'gol', 'manchester', 'united', 'wayne', 'rooney', 'memprediksi', 'klub', 'berjuluk', 'setan', 'merah', 'juara', 'liga', 'inggris', 'prediksi', 'wayne', 'rooney', 'lepas', 'performa', 'man', 'united', 'laga', 'merasakan', 'kalah', 'man', 'united', 'menduduki', 'peringkat', 'klasemen', 'liga', 'inggris', 'pekan', 'klub', 'berjuluk', 'setan', 'merah', 'meraih', 'poin', 'laga', 'posisi', 'tetangga', 'setan', 'merah', 'man', 'city', 'mengoleksi', 'poin']","['pemilik rekor', 'rekor gol', 'gol manchester', 'manchester united', 'united wayne', 'wayne rooney', 'rooney memprediksi', 'memprediksi klub', 'klub berjuluk', 'berjuluk setan', 'setan merah', 'merah juara', 'juara liga', 'liga inggris', 'inggris prediksi', 'prediksi wayne', 'wayne rooney', 'rooney lepas', 'lepas performa', 'performa man', 'man united', 'united laga', 'laga merasakan', 'merasakan kalah', 'kalah man', 'man united', 'united menduduki', 'menduduki peringkat', 'peringkat klasemen', 'klasemen liga', 'liga inggris', 'inggris pekan', 'pekan klub', 'klub berjuluk', 'berjuluk setan', 'setan merah', 'merah meraih', 'meraih poin', 'poin laga', 'laga posisi', 'posisi tetangga', 'tetangga setan', 'setan merah', 'merah man', 'man city', 'city mengoleksi', 'mengoleksi poin']","['pemilik rekor gol', 'rekor gol manchester', 'gol manchester united', 'manchester united wayne', 'united wayne rooney', 'wayne rooney memprediksi', 'rooney memprediksi klub', 'memprediksi klub berjuluk', 'klub berjuluk setan', 'berjuluk setan merah', 'setan merah juara', 'merah juara liga', 'juara liga inggris', 'liga inggris prediksi', 'inggris prediksi wayne', 'prediksi wayne rooney', 'wayne rooney lepas', 'rooney lepas performa', 'lepas performa man', 'performa man united', 'man united laga', 'united laga merasakan', 'laga merasakan kalah', 'merasakan kalah man', 'kalah man united', 'man united menduduki', 'united menduduki peringkat', 'menduduki peringkat klasemen', 'peringkat klasemen liga', 'klasemen liga inggris', 'liga inggris pekan', 'inggris pekan klub', 'pekan klub berjuluk', 'klub berjuluk setan', 'berjuluk setan merah', 'setan merah meraih', 'merah meraih poin', 'meraih poin laga', 'poin laga posisi', 'laga posisi tetangga', 'posisi tetangga setan', 'tetangga setan merah', 'setan merah man', 'merah man city', 'man city mengoleksi', 'city mengoleksi poin']"
18,https://bola.kompas.com/read/2021/01/22/10000068/madura-united-tak-bikin-rencana-musim-2021-sebelum-ada-kepastian-izin,"Madura United mengapresiasi langkah PSSI yang membatalkan kompetisi 2020. Dengan keputusan ini, semua stakeholder sepak bola Indonesia bisa melangkah lebih ringan ke musim kompetisi baru 2021. Namun, sebelum melakukan pembahasan musim baru, Madura United meminta PSSI memberikan perhatian khusus kepada masalah perizinan terutama untuk Liga 1 2021. Masalah perizinan ini menjadi prioritas pertama sebelum bicara lebih banyak lagi mengenai Liga 1 2021 dan serba-serbinya. “Langkah Madura United tetap, yakni menunggu langkah dari PSSI dan PT LIB selanjutnya,” kata Dirut PT PBMB (Perusahaan Induk Madura United), Ziaul Haq kepada KOMPAS.com. “Tentunya sebelum kita bicara seluruh langkah kompetisi musim 2021, perijinan tolong dibereskan lebih dahulu. Sekali lagi perijinan tolong dibereskan,” imbuhnya.","['madura', 'united', 'mengapresiasi', 'langkah', 'pssi', 'yang', 'membatalkan', 'kompetisi', 'dengan', 'keputusan', 'ini', 'semua', 'stakeholder', 'sepak', 'bola', 'indonesia', 'bisa', 'melangkah', 'lebih', 'ringan', 'ke', 'musim', 'kompetisi', 'baru', 'namun', 'sebelum', 'melakukan', 'pembahasan', 'musim', 'baru', 'madura', 'united', 'meminta', 'pssi', 'memberikan', 'perhatian', 'khusus', 'kepada', 'masalah', 'perizinan', 'terutama', 'untuk', 'liga', 'masalah', 'perizinan', 'ini', 'menjadi', 'prioritas', 'pertama', 'sebelum', 'bicara', 'lebih', 'banyak', 'lagi', 'mengenai', 'liga', 'dan', 'serbaserbinya', 'langkah', 'madura', 'united', 'tetap', 'yakni', 'menunggu', 'langkah', 'dari', 'pssi', 'dan', 'pt', 'lib', 'selanjutnya', 'kata', 'dirut', 'pt', 'pbmb', 'perusahaan', 'induk', 'madura', 'united', 'ziaul', 'haq', 'kepada', 'kompascom', 'tentunya', 'sebelum', 'kita', 'bicara', 'seluruh', 'langkah', 'kompetisi', 'musim', 'perijinan', 'tolong', 'dibereskan', 'lebih', 'dahulu', 'sekali', 'lagi', 'perijinan', 'tolong', 'dibereskan', 'imbuhnya']","['madura', 'united', 'mengapresiasi', 'langkah', 'pssi', 'membatalkan', 'kompetisi', 'keputusan', 'stakeholder', 'sepak', 'bola', 'indonesia', 'melangkah', 'ringan', 'musim', 'kompetisi', 'pembahasan', 'musim', 'madura', 'united', 'pssi', 'perhatian', 'perizinan', 'liga', 'perizinan', 'prioritas', 'bicara', 'liga', 'serbaserbinya', 'langkah', 'madura', 'united', 'menunggu', 'langkah', 'pssi', 'pt', 'lib', 'dirut', 'pt', 'pbmb', 'perusahaan', 'induk', 'madura', 'united', 'ziaul', 'haq', 'kompascom', 'bicara', 'langkah', 'kompetisi', 'musim', 'perijinan', 'tolong', 'dibereskan', 'perijinan', 'tolong', 'dibereskan', 'imbuhnya']",olahraga,"['madura', 'united', 'mengapresiasi', 'langkah', 'pssi', 'membatalkan', 'kompetisi', 'keputusan', 'stakeholder', 'sepak', 'bola', 'indonesia', 'melangkah', 'ringan', 'musim', 'kompetisi', 'pembahasan', 'musim', 'madura', 'united', 'pssi', 'perhatian', 'perizinan', 'liga', 'perizinan', 'prioritas', 'bicara', 'liga', 'serbaserbinya', 'langkah', 'madura', 'united', 'menunggu', 'langkah', 'pssi', 'pt', 'lib', 'dirut', 'pt', 'pbmb', 'perusahaan', 'induk', 'madura', 'united', 'ziaul', 'haq', 'kompascom', 'bicara', 'langkah', 'kompetisi', 'musim', 'perijinan', 'tolong', 'dibereskan', 'perijinan', 'tolong', 'dibereskan', 'imbuhnya']","['madura united', 'united mengapresiasi', 'mengapresiasi langkah', 'langkah pssi', 'pssi membatalkan', 'membatalkan kompetisi', 'kompetisi keputusan', 'keputusan stakeholder', 'stakeholder sepak', 'sepak bola', 'bola indonesia', 'indonesia melangkah', 'melangkah ringan', 'ringan musim', 'musim kompetisi', 'kompetisi pembahasan', 'pembahasan musim', 'musim madura', 'madura united', 'united pssi', 'pssi perhatian', 'perhatian perizinan', 'perizinan liga', 'liga perizinan', 'perizinan prioritas', 'prioritas bicara', 'bicara liga', 'liga serbaserbinya', 'serbaserbinya langkah', 'langkah madura', 'madura united', 'united menunggu', 'menunggu langkah', 'langkah pssi', 'pssi pt', 'pt lib', 'lib dirut', 'dirut pt', 'pt pbmb', 'pbmb perusahaan', 'perusahaan induk', 'induk madura', 'madura united', 'united ziaul', 'ziaul haq', 'haq kompascom', 'kompascom bicara', 'bicara langkah', 'langkah kompetisi', 'kompetisi musim', 'musim perijinan', 'perijinan tolong', 'tolong dibereskan', 'dibereskan perijinan', 'perijinan tolong', 'tolong dibereskan', 'dibereskan imbuhnya']","['madura united mengapresiasi', 'united mengapresiasi langkah', 'mengapresiasi langkah pssi', 'langkah pssi membatalkan', 'pssi membatalkan kompetisi', 'membatalkan kompetisi keputusan', 'kompetisi keputusan stakeholder', 'keputusan stakeholder sepak', 'stakeholder sepak bola', 'sepak bola indonesia', 'bola indonesia melangkah', 'indonesia melangkah ringan', 'melangkah ringan musim', 'ringan musim kompetisi', 'musim kompetisi pembahasan', 'kompetisi pembahasan musim', 'pembahasan musim madura', 'musim madura united', 'madura united pssi', 'united pssi perhatian', 'pssi perhatian perizinan', 'perhatian perizinan liga', 'perizinan liga perizinan', 'liga perizinan prioritas', 'perizinan prioritas bicara', 'prioritas bicara liga', 'bicara liga serbaserbinya', 'liga serbaserbinya langkah', 'serbaserbinya langkah madura', 'langkah madura united', 'madura united menunggu', 'united menunggu langkah', 'menunggu langkah pssi', 'langkah pssi pt', 'pssi pt lib', 'pt lib dirut', 'lib dirut pt', 'dirut pt pbmb', 'pt pbmb perusahaan', 'pbmb perusahaan induk', 'perusahaan induk madura', 'induk madura united', 'madura united ziaul', 'united ziaul haq', 'ziaul haq kompascom', 'haq kompascom bicara', 'kompascom bicara langkah', 'bicara langkah kompetisi', 'langkah kompetisi musim', 'kompetisi musim perijinan', 'musim perijinan tolong', 'perijinan tolong dibereskan', 'tolong dibereskan perijinan', 'dibereskan perijinan tolong', 'perijinan tolong dibereskan', 'tolong dibereskan imbuhnya']"
19,https://bola.kompas.com/read/2020/12/23/12233208/alasan-madura-united-tak-berdaya-menahan-syahrian-abimanyu-dari-godaan-jdt,"Kabar mengejutkan datang dari klub sultan Malaysia, Johor Darul Ta’zim (JDT) yang mendatangkan pemain asal Indonesia, Syahrian Abimanyu. Mantan pemain Madura United tersebut diperkenalkan secara langsung oleh JDT melalui akun Instagram resminya, Rabu (23/12/2020). Syahrian Abimanyu disebutkan akan menjadi bagian dari proyek jangka panjang juara AFC Cup 2015. Pemilik JDT, Tunku Ismail Sultan Ibrahim, memastikan pemain berusia 21 tahun tersebut tidak akan turun di  JDT 2, klub kedua Johor yang bermain di kasta kedua Liga Malaysia, seperti pemain-pemain muda lainnya. Syahrian akan dipinjamkan ke klub luar Malaysia untuk mematangkan potensinya.","['kabar', 'mengejutkan', 'datang', 'dari', 'klub', 'sultan', 'malaysia', 'johor', 'darul', 'tazim', 'jdt', 'yang', 'mendatangkan', 'pemain', 'asal', 'indonesia', 'syahrian', 'abimanyu', 'mantan', 'pemain', 'madura', 'united', 'tersebut', 'diperkenalkan', 'secara', 'langsung', 'oleh', 'jdt', 'melalui', 'akun', 'instagram', 'resminya', 'rabu', 'syahrian', 'abimanyu', 'disebutkan', 'akan', 'menjadi', 'bagian', 'dari', 'proyek', 'jangka', 'panjang', 'juara', 'afc', 'cup', 'pemilik', 'jdt', 'tunku', 'ismail', 'sultan', 'ibrahim', 'memastikan', 'pemain', 'berusia', 'tahun', 'tersebut', 'tidak', 'akan', 'turun', 'di', 'jdt', 'klub', 'kedua', 'johor', 'yang', 'bermain', 'di', 'kasta', 'kedua', 'liga', 'malaysia', 'seperti', 'pemainpemain', 'muda', 'lainnya', 'syahrian', 'akan', 'dipinjamkan', 'ke', 'klub', 'luar', 'malaysia', 'untuk', 'mematangkan', 'potensinya']","['kabar', 'mengejutkan', 'klub', 'sultan', 'malaysia', 'johor', 'darul', 'tazim', 'jdt', 'pemain', 'indonesia', 'syahrian', 'abimanyu', 'mantan', 'pemain', 'madura', 'united', 'diperkenalkan', 'jdt', 'akun', 'instagram', 'resminya', 'rabu', 'syahrian', 'abimanyu', 'proyek', 'jangka', 'juara', 'afc', 'cup', 'pemilik', 'jdt', 'tunku', 'ismail', 'sultan', 'ibrahim', 'pemain', 'berusia', 'tahun', 'turun', 'di', 'jdt', 'klub', 'johor', 'bermain', 'kasta', 'liga', 'malaysia', 'pemainpemain', 'muda', 'syahrian', 'dipinjamkan', 'klub', 'malaysia', 'mematangkan', 'potensinya']",olahraga,"['kabar', 'mengejutkan', 'klub', 'sultan', 'malaysia', 'johor', 'darul', 'tazim', 'jdt', 'pemain', 'indonesia', 'syahrian', 'abimanyu', 'mantan', 'pemain', 'madura', 'united', 'diperkenalkan', 'jdt', 'akun', 'instagram', 'resminya', 'rabu', 'syahrian', 'abimanyu', 'proyek', 'jangka', 'juara', 'afc', 'cup', 'pemilik', 'jdt', 'tunku', 'ismail', 'sultan', 'ibrahim', 'pemain', 'berusia', 'tahun', 'turun', 'di', 'jdt', 'klub', 'johor', 'bermain', 'kasta', 'liga', 'malaysia', 'pemainpemain', 'muda', 'syahrian', 'dipinjamkan', 'klub', 'malaysia', 'mematangkan', 'potensinya']","['kabar mengejutkan', 'mengejutkan klub', 'klub sultan', 'sultan malaysia', 'malaysia johor', 'johor darul', 'darul tazim', 'tazim jdt', 'jdt pemain', 'pemain indonesia', 'indonesia syahrian', 'syahrian abimanyu', 'abimanyu mantan', 'mantan pemain', 'pemain madura', 'madura united', 'united diperkenalkan', 'diperkenalkan jdt', 'jdt akun', 'akun instagram', 'instagram resminya', 'resminya rabu', 'rabu syahrian', 'syahrian abimanyu', 'abimanyu proyek', 'proyek jangka', 'jangka juara', 'juara afc', 'afc cup', 'cup pemilik', 'pemilik jdt', 'jdt tunku', 'tunku ismail', 'ismail sultan', 'sultan ibrahim', 'ibrahim pemain', 'pemain berusia', 'berusia tahun', 'tahun turun', 'turun di', 'di jdt', 'jdt klub', 'klub johor', 'johor bermain', 'bermain kasta', 'kasta liga', 'liga malaysia', 'malaysia pemainpemain', 'pemainpemain muda', 'muda syahrian', 'syahrian dipinjamkan', 'dipinjamkan klub', 'klub malaysia', 'malaysia mematangkan', 'mematangkan potensinya']","['kabar mengejutkan klub', 'mengejutkan klub sultan', 'klub sultan malaysia', 'sultan malaysia johor', 'malaysia johor darul', 'johor darul tazim', 'darul tazim jdt', 'tazim jdt pemain', 'jdt pemain indonesia', 'pemain indonesia syahrian', 'indonesia syahrian abimanyu', 'syahrian abimanyu mantan', 'abimanyu mantan pemain', 'mantan pemain madura', 'pemain madura united', 'madura united diperkenalkan', 'united diperkenalkan jdt', 'diperkenalkan jdt akun', 'jdt akun instagram', 'akun instagram resminya', 'instagram resminya rabu', 'resminya rabu syahrian', 'rabu syahrian abimanyu', 'syahrian abimanyu proyek', 'abimanyu proyek jangka', 'proyek jangka juara', 'jangka juara afc', 'juara afc cup', 'afc cup pemilik', 'cup pemilik jdt', 'pemilik jdt tunku', 'jdt tunku ismail', 'tunku ismail sultan', 'ismail sultan ibrahim', 'sultan ibrahim pemain', 'ibrahim pemain berusia', 'pemain berusia tahun', 'berusia tahun turun', 'tahun turun di', 'turun di jdt', 'di jdt klub', 'jdt klub johor', 'klub johor bermain', 'johor bermain kasta', 'bermain kasta liga', 'kasta liga malaysia', 'liga malaysia pemainpemain', 'malaysia pemainpemain muda', 'pemainpemain muda syahrian', 'muda syahrian dipinjamkan', 'syahrian dipinjamkan klub', 'dipinjamkan klub malaysia', 'klub malaysia mematangkan', 'malaysia mematangkan potensinya']"
